-- phpMyAdmin SQL Dump
-- version 4.7.7
-- https://www.phpmyadmin.net/
--
-- Servidor: 127.0.0.1
-- Tiempo de generación: 27-08-2018 a las 22:33:28
-- Versión del servidor: 10.1.30-MariaDB
-- Versión de PHP: 7.2.2

SET SQL_MODE = "NO_AUTO_VALUE_ON_ZERO";
SET AUTOCOMMIT = 0;
START TRANSACTION;
SET time_zone = "+00:00";


/*!40101 SET @OLD_CHARACTER_SET_CLIENT=@@CHARACTER_SET_CLIENT */;
/*!40101 SET @OLD_CHARACTER_SET_RESULTS=@@CHARACTER_SET_RESULTS */;
/*!40101 SET @OLD_COLLATION_CONNECTION=@@COLLATION_CONNECTION */;
/*!40101 SET NAMES utf8mb4 */;

--
-- Base de datos: `cotedem`
--
CREATE DATABASE IF NOT EXISTS `cotedem` DEFAULT CHARACTER SET utf8 COLLATE utf8_bin;
USE `cotedem`;

-- --------------------------------------------------------

--
-- Estructura de tabla para la tabla `informacion`
--

CREATE TABLE IF NOT EXISTS `informacion` (
  `id_informacion` int(11) NOT NULL AUTO_INCREMENT,
  `mision` varchar(1000) COLLATE utf8_bin NOT NULL,
  `vision` varchar(1000) COLLATE utf8_bin NOT NULL,
  `preview` varchar(1000) COLLATE utf8_bin NOT NULL,
  `titulo` varchar(500) COLLATE utf8_bin NOT NULL,
  PRIMARY KEY (`id_informacion`)
) ENGINE=InnoDB AUTO_INCREMENT=2 DEFAULT CHARSET=utf8 COLLATE=utf8_bin;

--
-- Volcado de datos para la tabla `informacion`
--

INSERT INTO `informacion` (`id_informacion`, `mision`, `vision`, `preview`, `titulo`) VALUES
(1, '2', '2', '2', '.:: COTEDEM ::.');

-- --------------------------------------------------------

--
-- Estructura de tabla para la tabla `log`
--

CREATE TABLE IF NOT EXISTS `log` (
  `id` int(11) NOT NULL AUTO_INCREMENT,
  `id_usuario` int(11) DEFAULT NULL,
  `ip` varchar(12) NOT NULL,
  `controlador` varchar(30) NOT NULL,
  `metodo` varchar(30) NOT NULL,
  `fecha` date NOT NULL,
  `hora` time NOT NULL,
  PRIMARY KEY (`id`),
  KEY `id_usuario` (`id_usuario`)
) ENGINE=InnoDB AUTO_INCREMENT=1220 DEFAULT CHARSET=latin1;

--
-- Volcado de datos para la tabla `log`
--

INSERT INTO `log` (`id`, `id_usuario`, `ip`, `controlador`, `metodo`, `fecha`, `hora`) VALUES
(1, NULL, '127.0.0.1', 'principal', 'index', '2017-03-09', '16:58:42'),
(2, 1, '127.0.0.1', 'principal', 'index', '2017-03-12', '13:36:30'),
(3, 1, '127.0.0.1', 'principal', 'index', '2017-03-12', '13:37:55'),
(4, NULL, '127.0.0.1', 'principal', 'index', '2017-03-12', '14:11:23'),
(5, NULL, '127.0.0.1', 'principal', 'index', '2017-03-12', '14:12:56'),
(6, 1, '127.0.0.1', 'principal', 'index', '2017-03-12', '14:35:24'),
(7, 1, '127.0.0.1', 'principal', 'index', '2017-03-12', '15:55:38'),
(8, 1, '127.0.0.1', 'principal', 'index', '2017-03-12', '16:04:25'),
(9, 1, '127.0.0.1', 'principal', 'index', '2017-03-12', '16:36:12'),
(10, 1, '127.0.0.1', 'principal', 'index', '2017-03-12', '16:36:48'),
(11, 1, '127.0.0.1', 'principal', 'index', '2017-03-12', '16:37:15'),
(12, 1, '127.0.0.1', 'principal', 'index', '2017-03-12', '16:40:03'),
(13, 1, '127.0.0.1', 'principal', 'index', '2017-03-12', '16:41:00'),
(14, 1, '127.0.0.1', 'principal', 'index', '2017-03-12', '16:41:57'),
(15, 1, '127.0.0.1', 'principal', 'index', '2017-03-12', '16:42:36'),
(16, 1, '127.0.0.1', 'principal', 'index', '2017-03-12', '16:42:51'),
(17, 1, '127.0.0.1', 'principal', 'index', '2017-03-12', '16:45:59'),
(18, 1, '127.0.0.1', 'principal', 'index', '2017-03-12', '16:49:31'),
(19, 1, '127.0.0.1', 'principal', 'index', '2017-03-12', '16:55:40'),
(20, 1, '127.0.0.1', 'principal', 'index', '2017-03-12', '16:56:55'),
(21, 1, '127.0.0.1', 'principal', 'index', '2017-03-12', '16:57:00'),
(22, 1, '127.0.0.1', 'principal', 'index', '2017-03-12', '16:57:27'),
(23, 1, '127.0.0.1', 'principal', 'index', '2017-03-12', '16:57:30'),
(24, 1, '127.0.0.1', 'principal', 'index', '2017-03-12', '16:57:48'),
(25, 1, '127.0.0.1', 'principal', 'index', '2017-03-12', '17:03:15'),
(26, 1, '127.0.0.1', 'principal', 'index', '2017-03-12', '17:04:49'),
(27, 1, '127.0.0.1', 'ejemplos', 'index', '2017-03-12', '17:05:24'),
(28, 1, '127.0.0.1', 'ejemplos', 'index', '2017-03-12', '17:06:21'),
(29, 1, '127.0.0.1', 'principal', 'index', '2017-03-12', '17:06:41'),
(30, 1, '127.0.0.1', 'ejemplos', 'index', '2017-03-12', '17:10:52'),
(31, 1, '127.0.0.1', 'ejemplos', 'index', '2017-03-12', '17:12:09'),
(32, 1, '127.0.0.1', 'ejemplos', 'index', '2017-03-12', '17:14:03'),
(33, 1, '127.0.0.1', 'ejemplos', 'index', '2017-03-12', '17:19:56'),
(34, 1, '127.0.0.1', 'ejemplos', 'index', '2017-03-12', '17:41:25'),
(35, 1, '127.0.0.1', 'ejemplos', 'index', '2017-03-12', '17:41:49'),
(36, 1, '127.0.0.1', 'ejemplos', 'index', '2017-03-12', '17:42:06'),
(37, 1, '127.0.0.1', 'ejemplos', 'index', '2017-03-12', '17:42:18'),
(38, 1, '127.0.0.1', 'principal', 'index', '2017-03-12', '17:46:04'),
(39, 1, '127.0.0.1', 'principal', 'index', '2017-03-12', '17:47:24'),
(40, 1, '127.0.0.1', 'ejemplos', 'index', '2017-03-12', '17:52:08'),
(41, 1, '127.0.0.1', 'principal', 'index', '2017-03-12', '17:55:49'),
(42, 1, '127.0.0.1', 'app', 'index', '2017-03-12', '17:59:51'),
(43, 1, '127.0.0.1', 'app', 'index', '2017-03-12', '18:00:33'),
(44, 1, '127.0.0.1', 'app', 'updonw', '2017-03-12', '18:00:46'),
(45, 1, '127.0.0.1', 'app', 'index', '2017-03-12', '18:00:54'),
(46, 1, '127.0.0.1', 'app', 'index', '2017-03-12', '18:01:29'),
(47, 1, '127.0.0.1', 'app', 'index', '2017-03-12', '18:05:24'),
(48, 1, '127.0.0.1', 'principal', 'index', '2017-03-12', '18:09:36'),
(49, 1, '127.0.0.1', 'login', 'cerrar', '2017-03-12', '18:09:40'),
(50, NULL, '127.0.0.1', 'ina', 'index', '2017-03-12', '18:09:40'),
(51, NULL, '127.0.0.1', 'ina', 'fecha', '2017-03-12', '18:09:41'),
(52, NULL, '127.0.0.1', 'ina', 'index', '2017-03-12', '18:09:53'),
(53, NULL, '127.0.0.1', 'ina', 'fecha', '2017-03-12', '18:09:54'),
(54, NULL, '127.0.0.1', 'login', 'index', '2017-03-12', '18:09:59'),
(55, NULL, '127.0.0.1', 'login', 'index', '2017-03-12', '18:10:05'),
(56, 1, '127.0.0.1', 'app', 'index', '2017-03-12', '18:10:05'),
(57, 1, '127.0.0.1', 'app', 'updonw', '2017-03-12', '18:10:18'),
(58, 1, '127.0.0.1', 'app', 'index', '2017-03-12', '18:10:24'),
(59, 1, '127.0.0.1', 'login', 'cerrar', '2017-03-12', '18:10:33'),
(60, NULL, '127.0.0.1', 'ina', 'index', '2017-03-12', '18:10:33'),
(61, NULL, '127.0.0.1', 'ina', 'fecha', '2017-03-12', '18:10:34'),
(62, NULL, '127.0.0.1', 'ina', 'index', '2017-03-12', '18:10:53'),
(63, NULL, '127.0.0.1', 'ina', 'fecha', '2017-03-12', '18:10:53'),
(64, NULL, '127.0.0.1', 'login', 'index', '2017-03-12', '18:10:59'),
(65, NULL, '127.0.0.1', 'login', 'index', '2017-03-12', '18:11:03'),
(66, 1, '127.0.0.1', 'app', 'index', '2017-03-12', '18:11:03'),
(67, 1, '127.0.0.1', 'app', 'updonw', '2017-03-12', '18:11:11'),
(68, 1, '127.0.0.1', 'app', 'index', '2017-03-12', '18:11:41'),
(69, 1, '127.0.0.1', 'login', 'cerrar', '2017-03-12', '18:11:48'),
(70, NULL, '127.0.0.1', 'principal', 'index', '2017-03-12', '18:11:48'),
(71, 1, '127.0.0.1', 'principal', 'index', '2017-10-24', '07:13:48'),
(72, 1, '127.0.0.1', 'app', 'index', '2017-10-24', '07:13:58'),
(73, 1, '127.0.0.1', 'principal', 'index', '2017-10-24', '07:14:19'),
(74, NULL, '127.0.0.1', 'principal', 'index', '2017-10-24', '17:16:27'),
(75, NULL, '127.0.0.1', 'principal', 'index', '2017-10-24', '19:40:40'),
(76, NULL, '127.0.0.1', 'principal', 'index', '2017-10-24', '19:42:11'),
(77, NULL, '127.0.0.1', 'principal', 'index', '2017-10-24', '19:45:03'),
(78, NULL, '127.0.0.1', 'principal', 'index', '2017-10-24', '19:46:06'),
(79, NULL, '127.0.0.1', 'principal', 'index', '2017-10-24', '19:46:17'),
(80, NULL, '127.0.0.1', 'principal', 'index', '2017-10-24', '19:47:54'),
(81, NULL, '127.0.0.1', 'principal', 'index', '2017-10-24', '19:48:47'),
(82, NULL, '127.0.0.1', 'principal', 'index', '2017-10-24', '19:49:13'),
(83, NULL, '127.0.0.1', 'principal', 'index', '2017-10-24', '19:59:22'),
(84, NULL, '127.0.0.1', 'principal', 'index', '2017-10-24', '20:00:17'),
(85, NULL, '127.0.0.1', 'principal', 'index', '2017-10-24', '20:15:49'),
(86, NULL, '127.0.0.1', 'principal', 'index', '2017-10-24', '20:45:55'),
(87, NULL, '127.0.0.1', 'principal', 'index', '2017-10-24', '20:46:12'),
(88, NULL, '127.0.0.1', 'principal', 'index', '2017-10-24', '20:47:19'),
(89, NULL, '127.0.0.1', 'principal', 'index', '2017-10-24', '20:47:41'),
(90, NULL, '127.0.0.1', 'principal', 'index', '2017-10-24', '20:48:21'),
(91, NULL, '127.0.0.1', 'principal', 'index', '2017-10-24', '21:01:04'),
(92, NULL, '127.0.0.1', 'principal', 'index', '2017-10-24', '21:01:47'),
(93, NULL, '127.0.0.1', 'principal', 'index', '2017-10-24', '21:03:05'),
(94, NULL, '127.0.0.1', 'principal', 'index', '2017-10-24', '21:03:32'),
(95, NULL, '127.0.0.1', 'principal', 'index', '2017-10-24', '21:06:49'),
(96, NULL, '127.0.0.1', 'principal', 'index', '2017-10-24', '21:09:30'),
(97, NULL, '127.0.0.1', 'principal', 'index', '2017-10-24', '21:12:55'),
(98, NULL, '127.0.0.1', 'principal', 'index', '2017-10-24', '21:15:37'),
(99, NULL, '127.0.0.1', 'principal', 'index', '2017-10-24', '21:15:55'),
(100, NULL, '127.0.0.1', 'principal', 'index', '2017-10-24', '21:16:27'),
(101, NULL, '127.0.0.1', 'principal', 'index', '2017-10-24', '21:16:58'),
(102, NULL, '127.0.0.1', 'principal', 'index', '2017-10-24', '21:17:45'),
(103, NULL, '127.0.0.1', 'principal', 'index', '2017-10-24', '21:22:26'),
(104, NULL, '127.0.0.1', 'principal', 'index', '2017-10-24', '21:24:48'),
(105, NULL, '127.0.0.1', 'principal', 'index', '2017-10-24', '21:25:12'),
(106, NULL, '127.0.0.1', 'principal', 'index', '2017-10-24', '21:26:48'),
(107, NULL, '127.0.0.1', 'principal', 'index', '2017-10-24', '21:27:39'),
(108, NULL, '127.0.0.1', 'principal', 'index', '2017-10-24', '21:31:16'),
(109, NULL, '127.0.0.1', 'principal', 'index', '2017-10-24', '21:32:39'),
(110, NULL, '127.0.0.1', 'principal', 'index', '2017-10-24', '21:32:47'),
(111, NULL, '127.0.0.1', 'principal', 'index', '2017-10-24', '21:33:15'),
(112, NULL, '127.0.0.1', 'principal', 'index', '2017-10-24', '21:33:19'),
(113, NULL, '127.0.0.1', 'principal', 'index', '2017-10-24', '21:33:23'),
(114, NULL, '127.0.0.1', 'principal', 'index', '2017-10-24', '21:33:51'),
(115, NULL, '127.0.0.1', 'principal', 'index', '2017-10-24', '21:33:57'),
(116, NULL, '127.0.0.1', 'principal', 'index', '2017-10-24', '21:35:15'),
(117, NULL, '127.0.0.1', 'regis_per', 'index', '2017-10-24', '21:37:57'),
(118, NULL, '127.0.0.1', 'principal', 'index', '2017-10-24', '21:38:01'),
(119, NULL, '127.0.0.1', 'regis_per', 'index', '2017-10-24', '21:38:02'),
(120, NULL, '127.0.0.1', 'principal', 'index', '2017-10-24', '21:38:04'),
(121, NULL, '127.0.0.1', 'principal', 'index', '2017-10-24', '21:39:46'),
(122, NULL, '127.0.0.1', 'regis_emp', 'index', '2017-10-24', '21:39:48'),
(123, NULL, '127.0.0.1', 'principal', 'index', '2017-10-24', '21:39:51'),
(124, NULL, '127.0.0.1', 'regis_per', 'index', '2017-10-24', '21:39:52'),
(125, NULL, '127.0.0.1', 'principal', 'index', '2017-10-24', '21:39:55'),
(126, NULL, '127.0.0.1', 'principal', 'index', '2017-10-25', '12:50:05'),
(127, NULL, '127.0.0.1', 'principal', 'index', '2017-10-26', '21:07:27'),
(128, NULL, '127.0.0.1', 'regis_emp', 'index', '2017-10-26', '21:07:29'),
(129, NULL, '127.0.0.1', 'principal', 'index', '2017-10-26', '21:07:31'),
(130, NULL, '127.0.0.1', 'regis_per', 'index', '2017-10-26', '21:07:32'),
(131, NULL, '127.0.0.1', 'principal', 'index', '2017-10-26', '21:07:34'),
(132, NULL, '127.0.0.1', 'principal', 'index', '2017-10-26', '21:09:44'),
(133, NULL, '127.0.0.1', 'regis_emp', 'index', '2017-10-26', '21:09:45'),
(134, NULL, '127.0.0.1', 'principal', 'index', '2017-10-26', '21:09:50'),
(135, NULL, '127.0.0.1', 'principal', 'index', '2017-10-31', '21:27:26'),
(136, NULL, '127.0.0.1', 'regis_emp', 'index', '2017-10-31', '21:27:28'),
(137, NULL, '127.0.0.1', 'regis_emp', 'index', '2017-10-31', '21:27:53'),
(138, NULL, '127.0.0.1', 'regis_emp', 'index', '2017-10-31', '21:31:17'),
(139, NULL, '127.0.0.1', 'regis_emp', 'index', '2017-10-31', '21:33:52'),
(140, NULL, '127.0.0.1', 'regis_emp', 'index', '2017-10-31', '21:34:17'),
(141, NULL, '127.0.0.1', 'regis_emp', 'index', '2017-10-31', '21:35:39'),
(142, NULL, '127.0.0.1', 'principal', 'index', '2017-10-31', '21:36:39'),
(143, NULL, '127.0.0.1', 'regis_emp', 'index', '2017-10-31', '21:36:44'),
(144, NULL, '127.0.0.1', 'regis_emp', 'index', '2017-10-31', '21:37:27'),
(145, NULL, '127.0.0.1', 'principal', 'index', '2017-10-31', '21:37:30'),
(146, NULL, '127.0.0.1', 'regis_emp', 'index', '2017-10-31', '21:37:33'),
(147, NULL, '127.0.0.1', 'principal', 'index', '2017-10-31', '21:37:36'),
(148, NULL, '127.0.0.1', 'regis_per', 'index', '2017-10-31', '21:37:45'),
(149, NULL, '127.0.0.1', 'principal', 'index', '2017-10-31', '21:37:52'),
(150, NULL, '127.0.0.1', 'regis_emp', 'index', '2017-10-31', '21:38:05'),
(151, NULL, '127.0.0.1', 'regis_emp', 'index', '2017-10-31', '22:09:15'),
(152, NULL, '127.0.0.1', 'regis_emp', 'index', '2017-10-31', '22:20:36'),
(153, NULL, '127.0.0.1', 'regis_emp', 'index', '2017-10-31', '22:21:00'),
(154, NULL, '127.0.0.1', 'regis_emp', 'index', '2017-10-31', '22:37:42'),
(155, NULL, '127.0.0.1', 'regis_emp', 'index', '2017-10-31', '22:38:42'),
(156, NULL, '127.0.0.1', 'regis_emp', 'index', '2017-10-31', '22:39:40'),
(157, NULL, '127.0.0.1', 'regis_emp', 'index', '2017-10-31', '22:40:09'),
(158, NULL, '127.0.0.1', 'regis_emp', 'index', '2017-10-31', '22:45:51'),
(159, NULL, '127.0.0.1', 'regis_emp', 'index', '2017-10-31', '22:50:36'),
(160, NULL, '127.0.0.1', 'regis_emp', 'index', '2017-10-31', '22:50:56'),
(161, NULL, '127.0.0.1', 'regis_emp', 'index', '2017-10-31', '22:52:56'),
(162, NULL, '127.0.0.1', 'regis_emp', 'index', '2017-10-31', '22:53:34'),
(163, NULL, '127.0.0.1', 'regis_emp', 'index', '2017-10-31', '22:54:04'),
(164, NULL, '127.0.0.1', 'regis_emp', 'index', '2017-10-31', '22:54:57'),
(165, NULL, '127.0.0.1', 'regis_emp', 'index', '2017-10-31', '22:55:40'),
(166, NULL, '127.0.0.1', 'regis_emp', 'index', '2017-10-31', '22:56:39'),
(167, NULL, '127.0.0.1', 'regis_emp', 'index', '2017-10-31', '22:56:51'),
(168, NULL, '127.0.0.1', 'regis_emp', 'index', '2017-10-31', '22:57:19'),
(169, NULL, '127.0.0.1', 'principal', 'index', '2017-11-01', '09:34:55'),
(170, NULL, '127.0.0.1', 'regis_emp', 'index', '2017-11-01', '09:34:58'),
(171, NULL, '127.0.0.1', 'regis_emp', 'index', '2017-11-01', '09:39:11'),
(172, NULL, '127.0.0.1', 'regis_emp', 'index', '2017-11-01', '09:47:39'),
(173, NULL, '127.0.0.1', 'regis_emp', 'traer_parroquia', '2017-11-01', '09:47:43'),
(174, NULL, '127.0.0.1', 'regis_emp', 'traer_parroquia', '2017-11-01', '09:47:50'),
(175, NULL, '127.0.0.1', 'regis_emp', 'index', '2017-11-01', '09:49:55'),
(176, NULL, '127.0.0.1', 'regis_emp', 'traer_parroquia', '2017-11-01', '09:50:05'),
(177, NULL, '127.0.0.1', 'regis_emp', 'index', '2017-11-01', '09:50:52'),
(178, NULL, '127.0.0.1', 'regis_emp', 'traer_parroquia', '2017-11-01', '09:51:06'),
(179, NULL, '127.0.0.1', 'regis_emp', 'traer_parroquia', '2017-11-01', '09:51:08'),
(180, NULL, '127.0.0.1', 'regis_emp', 'traer_parroquia', '2017-11-01', '09:51:33'),
(181, NULL, '127.0.0.1', 'principal', 'index', '2017-11-01', '09:51:49'),
(182, NULL, '127.0.0.1', 'principal', 'index', '2017-11-01', '09:51:52'),
(183, NULL, '127.0.0.1', 'regis_emp', 'traer_parroquia', '2017-11-01', '09:52:44'),
(184, NULL, '127.0.0.1', 'regis_emp', 'index', '2017-11-01', '09:53:31'),
(185, NULL, '127.0.0.1', 'regis_emp', 'traer_parroquia', '2017-11-01', '09:53:45'),
(186, NULL, '127.0.0.1', 'regis_emp', 'traer_parroquia', '2017-11-01', '09:53:54'),
(187, NULL, '127.0.0.1', 'regis_emp', 'index', '2017-11-01', '09:54:17'),
(188, NULL, '127.0.0.1', 'regis_emp', 'traer_parroquia', '2017-11-01', '09:54:22'),
(189, NULL, '127.0.0.1', 'regis_emp', 'traer_parroquia', '2017-11-01', '09:54:39'),
(190, NULL, '127.0.0.1', 'regis_emp', 'traer_parroquia', '2017-11-01', '09:55:44'),
(191, NULL, '127.0.0.1', 'regis_emp', 'traer_parroquia', '2017-11-01', '09:55:47'),
(192, NULL, '127.0.0.1', 'regis_emp', 'index', '2017-11-01', '09:56:26'),
(193, NULL, '127.0.0.1', 'regis_emp', 'traer_parroquia', '2017-11-01', '09:56:30'),
(194, NULL, '127.0.0.1', 'regis_emp', 'index', '2017-11-01', '09:57:10'),
(195, NULL, '127.0.0.1', 'regis_emp', 'traer_parroquia', '2017-11-01', '09:57:15'),
(196, NULL, '127.0.0.1', 'regis_emp', 'index', '2017-11-01', '10:04:29'),
(197, NULL, '127.0.0.1', 'regis_emp', 'traer_parroquia', '2017-11-01', '10:04:41'),
(198, NULL, '127.0.0.1', 'regis_emp', 'traer_parroquia', '2017-11-01', '10:04:48'),
(199, NULL, '127.0.0.1', 'regis_emp', 'index', '2017-11-01', '10:05:23'),
(200, NULL, '127.0.0.1', 'regis_emp', 'traer_parroquia', '2017-11-01', '10:05:28'),
(201, NULL, '127.0.0.1', 'regis_emp', 'traer_parroquia', '2017-11-01', '10:05:37'),
(202, NULL, '127.0.0.1', 'regis_emp', 'index', '2017-11-01', '10:06:24'),
(203, NULL, '127.0.0.1', 'regis_emp', 'traer_parroquia', '2017-11-01', '10:06:29'),
(204, NULL, '127.0.0.1', 'regis_emp', 'traer_parroquia', '2017-11-01', '10:06:35'),
(205, NULL, '127.0.0.1', 'principal', 'index', '2017-11-01', '13:28:40'),
(206, NULL, '127.0.0.1', 'regis_emp', 'index', '2017-11-01', '13:28:42'),
(207, NULL, '127.0.0.1', 'regis_emp', 'traer_parroquia', '2017-11-01', '13:28:48'),
(208, NULL, '127.0.0.1', 'regis_emp', 'traer_parroquia', '2017-11-01', '13:28:56'),
(209, NULL, '127.0.0.1', 'regis_emp', 'traer_parroquia', '2017-11-01', '13:29:04'),
(210, NULL, '127.0.0.1', 'regis_emp', 'traer_parroquia', '2017-11-01', '13:29:14'),
(211, NULL, '127.0.0.1', 'principal', 'index', '2017-11-01', '13:29:39'),
(212, NULL, '127.0.0.1', 'regis_per', 'index', '2017-11-01', '13:29:41'),
(213, NULL, '127.0.0.1', 'principal', 'index', '2017-11-01', '13:29:52'),
(214, NULL, '127.0.0.1', 'regis_emp', 'index', '2017-11-01', '13:29:53'),
(215, NULL, '127.0.0.1', 'regis_emp', 'index', '2017-11-01', '13:31:44'),
(216, NULL, '127.0.0.1', 'regis_emp', 'index', '2017-11-01', '13:35:54'),
(217, NULL, '127.0.0.1', 'regis_emp', 'index', '2017-11-01', '13:36:26'),
(218, NULL, '127.0.0.1', 'regis_emp', 'index', '2017-11-01', '13:36:58'),
(219, NULL, '127.0.0.1', 'regis_emp', 'index', '2017-11-01', '13:37:30'),
(220, NULL, '127.0.0.1', 'regis_emp', 'index', '2017-11-01', '13:40:01'),
(221, NULL, '127.0.0.1', 'regis_emp', 'guardar_emp', '2017-11-01', '13:40:05'),
(222, NULL, '127.0.0.1', 'regis_emp', 'guardar_emp', '2017-11-01', '13:40:18'),
(223, NULL, '127.0.0.1', 'regis_emp', 'guardar_emp', '2017-11-01', '13:40:23'),
(224, NULL, '127.0.0.1', 'regis_emp', 'guardar_emp', '2017-11-01', '13:40:23'),
(225, NULL, '127.0.0.1', 'regis_emp', 'guardar_emp', '2017-11-01', '13:40:23'),
(226, NULL, '127.0.0.1', 'regis_emp', 'guardar_emp', '2017-11-01', '13:41:00'),
(227, NULL, '127.0.0.1', 'regis_emp', 'index', '2017-11-01', '13:41:04'),
(228, NULL, '127.0.0.1', 'regis_emp', 'guardar_emp', '2017-11-01', '13:41:08'),
(229, NULL, '127.0.0.1', 'regis_emp', 'guardar_emp', '2017-11-01', '13:41:08'),
(230, NULL, '127.0.0.1', 'regis_emp', 'guardar_emp', '2017-11-01', '13:41:08'),
(231, NULL, '127.0.0.1', 'regis_emp', 'guardar_emp', '2017-11-01', '13:41:09'),
(232, NULL, '127.0.0.1', 'regis_emp', 'guardar_emp', '2017-11-01', '13:41:09'),
(233, NULL, '127.0.0.1', 'regis_emp', 'guardar_emp', '2017-11-01', '13:41:09'),
(234, NULL, '127.0.0.1', 'regis_emp', 'guardar_emp', '2017-11-01', '13:41:09'),
(235, NULL, '127.0.0.1', 'principal', 'index', '2017-11-01', '21:24:20'),
(236, NULL, '127.0.0.1', 'regis_emp', 'index', '2017-11-01', '21:24:22'),
(237, NULL, '127.0.0.1', 'regis_emp', 'traer_parroquia', '2017-11-01', '21:24:33'),
(238, NULL, '127.0.0.1', 'regis_emp', 'traer_parroquia', '2017-11-01', '21:24:33'),
(239, NULL, '127.0.0.1', 'regis_emp', 'traer_parroquia', '2017-11-01', '21:24:33'),
(240, NULL, '127.0.0.1', 'regis_emp', 'traer_parroquia', '2017-11-01', '21:24:33'),
(241, NULL, '127.0.0.1', 'regis_emp', 'traer_parroquia', '2017-11-01', '21:24:34'),
(242, NULL, '127.0.0.1', 'regis_emp', 'traer_parroquia', '2017-11-01', '21:24:34'),
(243, NULL, '127.0.0.1', 'regis_emp', 'traer_parroquia', '2017-11-01', '21:24:34'),
(244, NULL, '127.0.0.1', 'regis_emp', 'traer_parroquia', '2017-11-01', '21:24:34'),
(245, NULL, '127.0.0.1', 'regis_emp', 'traer_parroquia', '2017-11-01', '21:24:34'),
(246, NULL, '127.0.0.1', 'regis_emp', 'traer_parroquia', '2017-11-01', '21:24:35'),
(247, NULL, '127.0.0.1', 'regis_emp', 'traer_parroquia', '2017-11-01', '21:24:35'),
(248, NULL, '127.0.0.1', 'regis_emp', 'traer_parroquia', '2017-11-01', '21:24:35'),
(249, NULL, '127.0.0.1', 'regis_emp', 'traer_parroquia', '2017-11-01', '21:24:35'),
(250, NULL, '127.0.0.1', 'regis_emp', 'traer_parroquia', '2017-11-01', '21:24:36'),
(251, NULL, '127.0.0.1', 'regis_emp', 'traer_parroquia', '2017-11-01', '21:24:36'),
(252, NULL, '127.0.0.1', 'regis_emp', 'traer_parroquia', '2017-11-01', '21:24:37'),
(253, NULL, '127.0.0.1', 'regis_emp', 'guardar_emp', '2017-11-01', '21:25:20'),
(254, NULL, '127.0.0.1', 'regis_emp', 'index', '2017-11-01', '21:27:10'),
(255, NULL, '127.0.0.1', 'regis_emp', 'guardar_emp', '2017-11-01', '21:27:21'),
(256, NULL, '127.0.0.1', 'regis_emp', 'index', '2017-11-01', '21:29:27'),
(257, NULL, '127.0.0.1', 'regis_emp', 'guardar_emp', '2017-11-01', '21:29:39'),
(258, NULL, '127.0.0.1', 'regis_emp', 'index', '2017-11-01', '21:48:53'),
(259, NULL, '127.0.0.1', 'regis_emp', 'guardar_emp', '2017-11-01', '21:49:03'),
(260, NULL, '127.0.0.1', 'regis_emp', 'guardar_emp', '2017-11-01', '21:49:51'),
(261, NULL, '127.0.0.1', 'regis_emp', 'guardar_emp', '2017-11-01', '21:50:59'),
(262, NULL, '127.0.0.1', 'regis_emp', 'guardar_emp', '2017-11-01', '21:51:21'),
(263, NULL, '127.0.0.1', 'regis_emp', 'guardar_emp', '2017-11-01', '21:51:40'),
(264, NULL, '127.0.0.1', 'regis_emp', 'guardar_emp', '2017-11-01', '21:51:50'),
(265, NULL, '127.0.0.1', 'regis_emp', 'guardar_emp', '2017-11-01', '21:53:08'),
(266, NULL, '127.0.0.1', 'principal', 'index', '2017-11-01', '21:53:20'),
(267, NULL, '127.0.0.1', 'principal', 'index', '2017-11-01', '21:58:57'),
(268, NULL, '127.0.0.1', 'principal', 'index', '2017-11-01', '21:58:59'),
(269, NULL, '127.0.0.1', 'principal', 'index', '2017-11-01', '21:59:50'),
(270, NULL, '127.0.0.1', 'principal', 'index', '2017-11-01', '22:00:32'),
(271, NULL, '127.0.0.1', 'principal', 'index', '2017-11-01', '22:01:26'),
(272, NULL, '127.0.0.1', 'principal', 'index', '2017-11-01', '22:01:51'),
(273, NULL, '127.0.0.1', 'principal', 'index', '2017-11-01', '22:03:45'),
(274, NULL, '127.0.0.1', 'principal', 'index', '2017-11-01', '22:04:16'),
(275, NULL, '127.0.0.1', 'principal', 'index', '2017-11-01', '22:05:42'),
(276, NULL, '127.0.0.1', 'principal', 'index', '2017-11-01', '22:05:57'),
(277, NULL, '127.0.0.1', 'principal', 'index', '2017-11-01', '22:06:11'),
(278, NULL, '127.0.0.1', 'regis_emp', 'index', '2017-11-01', '22:06:25'),
(279, NULL, '127.0.0.1', 'regis_emp', 'guardar_emp', '2017-11-01', '22:06:29'),
(280, NULL, '127.0.0.1', 'principal', 'index', '2017-11-01', '22:06:31'),
(281, NULL, '127.0.0.1', 'regis_emp', 'index', '2017-11-01', '22:06:35'),
(282, NULL, '127.0.0.1', 'regis_emp', 'guardar_emp', '2017-11-01', '22:06:38'),
(283, NULL, '127.0.0.1', 'principal', 'index', '2017-11-01', '22:06:39'),
(284, NULL, '127.0.0.1', 'regis_emp', 'index', '2017-11-01', '22:06:42'),
(285, NULL, '127.0.0.1', 'principal', 'index', '2017-11-01', '22:06:45'),
(286, NULL, '127.0.0.1', 'regis_per', 'index', '2017-11-01', '22:06:49'),
(287, NULL, '127.0.0.1', 'regis_per', 'index', '2017-11-01', '22:28:55'),
(288, NULL, '127.0.0.1', 'regis_per', 'index', '2017-11-01', '22:29:48'),
(289, NULL, '127.0.0.1', 'regis_per', 'index', '2017-11-01', '22:30:48'),
(290, NULL, '127.0.0.1', 'regis_per', 'index', '2017-11-01', '22:32:51'),
(291, NULL, '127.0.0.1', 'regis_per', 'index', '2017-11-01', '22:33:22'),
(292, NULL, '127.0.0.1', 'regis_per', 'index', '2017-11-01', '22:33:40'),
(293, NULL, '127.0.0.1', 'principal', 'index', '2017-11-02', '17:38:16'),
(294, NULL, '127.0.0.1', 'principal', 'index', '2017-11-02', '17:38:45'),
(295, NULL, '127.0.0.1', 'principal', 'index', '2017-11-02', '17:38:48'),
(296, NULL, '127.0.0.1', 'principal', 'index', '2017-11-02', '17:38:55'),
(297, NULL, '127.0.0.1', 'principal', 'index', '2017-11-02', '17:39:13'),
(298, NULL, '127.0.0.1', 'principal', 'index', '2017-11-02', '17:40:07'),
(299, NULL, '127.0.0.1', 'regis_per', 'index', '2017-11-02', '17:41:33'),
(300, NULL, '127.0.0.1', 'regis_per', 'index', '2017-11-02', '17:42:17'),
(301, NULL, '127.0.0.1', 'principal', 'index', '2017-11-02', '17:42:20'),
(302, NULL, '127.0.0.1', 'regis_per', 'index', '2017-11-02', '17:42:25'),
(303, NULL, '127.0.0.1', 'principal', 'index', '2017-11-02', '17:42:29'),
(304, NULL, '127.0.0.1', 'regis_per', 'index', '2017-11-02', '17:52:19'),
(305, NULL, '127.0.0.1', 'principal', 'index', '2017-11-02', '17:52:23'),
(306, NULL, '127.0.0.1', 'principal', 'index', '2017-11-02', '17:53:26'),
(307, NULL, '127.0.0.1', 'regis_emp', 'index', '2017-11-02', '17:53:30'),
(308, NULL, '127.0.0.1', 'regis_emp', 'guardar_emp', '2017-11-02', '17:53:33'),
(309, NULL, '127.0.0.1', 'principal', 'index', '2017-11-02', '17:53:36'),
(310, NULL, '127.0.0.1', 'regis_emp', 'index', '2017-11-02', '18:35:04'),
(311, NULL, '127.0.0.1', 'regis_emp', 'guardar_emp', '2017-11-02', '18:57:28'),
(312, NULL, '127.0.0.1', 'regis_emp', 'index', '2017-11-02', '18:58:08'),
(313, NULL, '127.0.0.1', 'regis_emp', 'guardar_emp', '2017-11-02', '18:58:14'),
(314, NULL, '127.0.0.1', 'regis_emp', 'guardar_emp', '2017-11-02', '18:58:26'),
(315, NULL, '127.0.0.1', 'regis_emp', 'guardar_emp', '2017-11-02', '19:02:02'),
(316, NULL, '127.0.0.1', 'principal', 'index', '2017-11-02', '19:02:08'),
(317, NULL, '127.0.0.1', 'regis_emp', 'index', '2017-11-02', '19:03:10'),
(318, NULL, '127.0.0.1', 'regis_emp', 'traer_parroquia', '2017-11-02', '19:23:25'),
(319, NULL, '127.0.0.1', 'regis_emp', 'traer_parroquia', '2017-11-02', '19:23:26'),
(320, NULL, '127.0.0.1', 'regis_emp', 'traer_parroquia', '2017-11-02', '19:23:27'),
(321, NULL, '127.0.0.1', 'regis_emp', 'traer_parroquia', '2017-11-02', '19:23:27'),
(322, NULL, '127.0.0.1', 'regis_emp', 'traer_parroquia', '2017-11-02', '19:23:27'),
(323, NULL, '127.0.0.1', 'regis_emp', 'traer_parroquia', '2017-11-02', '19:23:28'),
(324, NULL, '127.0.0.1', 'regis_emp', 'traer_parroquia', '2017-11-02', '19:23:28'),
(325, NULL, '127.0.0.1', 'regis_emp', 'traer_parroquia', '2017-11-02', '19:23:28'),
(326, NULL, '127.0.0.1', 'regis_emp', 'traer_parroquia', '2017-11-02', '19:23:29'),
(327, NULL, '127.0.0.1', 'regis_emp', 'traer_parroquia', '2017-11-02', '19:23:29'),
(328, NULL, '127.0.0.1', 'regis_emp', 'traer_parroquia', '2017-11-02', '19:23:30'),
(329, NULL, '127.0.0.1', 'regis_emp', 'traer_parroquia', '2017-11-02', '19:23:30'),
(330, NULL, '127.0.0.1', 'regis_emp', 'traer_parroquia', '2017-11-02', '19:23:31'),
(331, NULL, '127.0.0.1', 'regis_emp', 'traer_parroquia', '2017-11-02', '19:23:31'),
(332, NULL, '127.0.0.1', 'regis_emp', 'guardar_emp', '2017-11-02', '19:23:47'),
(333, NULL, '127.0.0.1', 'principal', 'index', '2017-11-02', '19:24:11'),
(334, NULL, '127.0.0.1', 'regis_per', 'index', '2017-11-02', '19:24:16'),
(335, NULL, '127.0.0.1', 'regis_per', 'index', '2017-11-02', '19:25:49'),
(336, NULL, '127.0.0.1', 'regis_per', 'index', '2017-11-02', '19:26:26'),
(337, NULL, '127.0.0.1', 'principal', 'index', '2017-11-02', '19:35:56'),
(338, NULL, '127.0.0.1', 'regis_emp', 'index', '2017-11-02', '19:35:57'),
(339, NULL, '127.0.0.1', 'regis_emp', 'index', '2017-11-02', '19:36:32'),
(340, NULL, '127.0.0.1', 'regis_emp', 'index', '2017-11-02', '19:37:02'),
(341, NULL, '127.0.0.1', 'regis_emp', 'index', '2017-11-02', '19:37:13'),
(342, NULL, '127.0.0.1', 'regis_emp', 'index', '2017-11-02', '19:40:02'),
(343, NULL, '127.0.0.1', 'regis_emp', 'index', '2017-11-02', '19:41:34'),
(344, NULL, '127.0.0.1', 'principal', 'index', '2017-11-02', '19:41:45'),
(345, NULL, '127.0.0.1', 'regis_emp', 'index', '2017-11-02', '19:41:57'),
(346, NULL, '127.0.0.1', 'principal', 'index', '2017-11-02', '19:42:04'),
(347, NULL, '127.0.0.1', 'regis_per', 'index', '2017-11-02', '19:42:06'),
(348, NULL, '127.0.0.1', 'regis_per', 'index', '2017-11-02', '19:42:47'),
(349, NULL, '127.0.0.1', 'regis_per', 'index', '2017-11-02', '19:46:00'),
(350, NULL, '127.0.0.1', 'principal', 'index', '2017-11-02', '19:46:05'),
(351, NULL, '127.0.0.1', 'regis_emp', 'index', '2017-11-02', '19:46:08'),
(352, NULL, '127.0.0.1', 'principal', 'index', '2017-11-02', '19:46:26'),
(353, NULL, '127.0.0.1', 'regis_per', 'index', '2017-11-02', '19:46:28'),
(354, NULL, '127.0.0.1', 'regis_per', 'index', '2017-11-02', '19:49:52'),
(355, NULL, '127.0.0.1', 'regis_per', 'index', '2017-11-02', '19:50:20'),
(356, NULL, '127.0.0.1', 'regis_per', 'index', '2017-11-02', '19:51:39'),
(357, NULL, '127.0.0.1', 'regis_per', 'index', '2017-11-02', '19:52:18'),
(358, NULL, '127.0.0.1', 'regis_per', 'index', '2017-11-02', '19:55:03'),
(359, NULL, '127.0.0.1', 'regis_per', 'index', '2017-11-02', '20:49:31'),
(360, NULL, '127.0.0.1', 'regis_per', 'guardar_per', '2017-11-02', '20:49:40'),
(361, NULL, '127.0.0.1', 'regis_per', 'guardar_per', '2017-11-02', '20:50:31'),
(362, NULL, '127.0.0.1', 'regis_per', 'index', '2017-11-02', '20:51:23'),
(363, NULL, '127.0.0.1', 'regis_per', 'guardar_per', '2017-11-02', '20:51:29'),
(364, NULL, '127.0.0.1', 'regis_per', 'index', '2017-11-02', '21:02:49'),
(365, NULL, '127.0.0.1', 'regis_per', 'guardar_per', '2017-11-02', '21:02:55'),
(366, NULL, '127.0.0.1', 'regis_per', 'guardar_per', '2017-11-02', '21:03:34'),
(367, NULL, '127.0.0.1', 'principal', 'index', '2017-11-02', '21:09:02'),
(368, NULL, '127.0.0.1', 'principal', 'index', '2017-11-02', '21:09:49'),
(369, NULL, '127.0.0.1', 'principal', 'index', '2017-11-02', '21:12:38'),
(370, NULL, '127.0.0.1', 'principal', 'index', '2017-11-02', '21:13:52'),
(371, NULL, '127.0.0.1', 'principal', 'index', '2017-11-02', '21:15:20'),
(372, NULL, '127.0.0.1', 'principal', 'index', '2017-11-02', '21:15:33'),
(373, NULL, '127.0.0.1', 'regis_per', 'index', '2017-11-02', '21:15:36'),
(374, NULL, '127.0.0.1', 'principal', 'index', '2017-11-02', '21:15:45'),
(375, NULL, '127.0.0.1', 'regis_per', 'index', '2017-11-02', '21:15:50'),
(376, NULL, '127.0.0.1', 'regis_per', 'guardar_per', '2017-11-02', '21:15:56'),
(377, NULL, '127.0.0.1', 'regis_per', 'guardar_per', '2017-11-02', '21:16:01'),
(378, NULL, '127.0.0.1', 'regis_per', 'index', '2017-11-02', '21:16:43'),
(379, NULL, '127.0.0.1', 'principal', 'index', '2017-11-02', '21:16:45'),
(380, NULL, '127.0.0.1', 'regis_per', 'index', '2017-11-02', '21:16:50'),
(381, NULL, '127.0.0.1', 'regis_per', 'guardar_per', '2017-11-02', '21:16:57'),
(382, NULL, '127.0.0.1', 'principal', 'index', '2017-11-02', '21:17:00'),
(383, NULL, '127.0.0.1', 'error', 'access', '2017-11-02', '21:18:18'),
(384, NULL, '127.0.0.1', 'error', 'access', '2017-11-02', '21:18:21'),
(385, NULL, '127.0.0.1', 'error', 'access', '2017-11-02', '21:18:35'),
(386, NULL, '127.0.0.1', 'error', 'access', '2017-11-02', '21:18:39'),
(387, NULL, '127.0.0.1', 'login', 'index', '2017-11-02', '21:18:58'),
(388, NULL, '127.0.0.1', 'login', 'index', '2017-11-02', '21:19:06'),
(389, 1, '127.0.0.1', 'app', 'index', '2017-11-02', '21:19:07'),
(390, 1, '127.0.0.1', 'app', 'updonw', '2017-11-02', '21:19:20'),
(391, 1, '127.0.0.1', 'app', 'index', '2017-11-02', '21:19:21'),
(392, 1, '127.0.0.1', 'login', 'cerrar', '2017-11-02', '21:19:28'),
(393, NULL, '127.0.0.1', 'ina', 'index', '2017-11-02', '21:19:30'),
(394, NULL, '127.0.0.1', 'ina', 'fecha', '2017-11-02', '21:19:40'),
(395, NULL, '127.0.0.1', 'login', 'index', '2017-11-02', '21:19:57'),
(396, NULL, '127.0.0.1', 'login', 'index', '2017-11-02', '21:20:08'),
(397, 1, '127.0.0.1', 'app', 'index', '2017-11-02', '21:20:09'),
(398, 1, '127.0.0.1', 'app', 'updonw', '2017-11-02', '21:20:27'),
(399, 1, '127.0.0.1', 'app', 'index', '2017-11-02', '21:20:28'),
(400, 1, '127.0.0.1', 'login', 'cerrar', '2017-11-02', '21:20:48'),
(401, NULL, '127.0.0.1', 'ina', 'index', '2017-11-02', '21:20:49'),
(402, NULL, '127.0.0.1', 'ina', 'fecha', '2017-11-02', '21:20:58'),
(403, NULL, '127.0.0.1', 'ina', 'index', '2017-11-02', '21:21:07'),
(404, NULL, '127.0.0.1', 'login', 'index', '2017-11-02', '21:21:15'),
(405, NULL, '127.0.0.1', 'login', 'index', '2017-11-02', '21:21:24'),
(406, 1, '127.0.0.1', 'app', 'index', '2017-11-02', '21:21:25'),
(407, 1, '127.0.0.1', 'app', 'updonw', '2017-11-02', '21:21:39'),
(408, 1, '127.0.0.1', 'app', 'index', '2017-11-02', '21:21:40'),
(409, 1, '127.0.0.1', 'app', 'updonw', '2017-11-02', '21:21:54'),
(410, 1, '127.0.0.1', 'app', 'index', '2017-11-02', '21:21:55'),
(411, 1, '127.0.0.1', 'login', 'cerrar', '2017-11-02', '21:22:13'),
(412, NULL, '127.0.0.1', 'ina', 'index', '2017-11-02', '21:22:14'),
(413, NULL, '127.0.0.1', 'ina', 'fecha', '2017-11-02', '21:22:17'),
(414, NULL, '127.0.0.1', 'login', 'index', '2017-11-02', '21:22:41'),
(415, NULL, '127.0.0.1', 'login', 'index', '2017-11-02', '21:22:55'),
(416, 1, '127.0.0.1', 'app', 'index', '2017-11-02', '21:22:55'),
(417, 1, '127.0.0.1', 'app', 'updonw', '2017-11-02', '21:23:15'),
(418, 1, '127.0.0.1', 'app', 'index', '2017-11-02', '21:23:15'),
(419, 1, '127.0.0.1', 'login', 'cerrar', '2017-11-02', '21:23:32'),
(420, NULL, '127.0.0.1', 'principal', 'index', '2017-11-02', '21:23:32'),
(421, NULL, '127.0.0.1', 'regis_emp', 'index', '2017-11-02', '21:23:48'),
(422, NULL, '127.0.0.1', 'principal', 'index', '2017-11-02', '21:24:09'),
(423, NULL, '127.0.0.1', 'regis_per', 'index', '2017-11-02', '21:24:14'),
(424, NULL, '127.0.0.1', 'regis_per', 'index', '2017-11-02', '21:24:45'),
(425, NULL, '127.0.0.1', 'regis_per', 'index', '2017-11-02', '21:30:56'),
(426, NULL, '127.0.0.1', 'principal', 'index', '2017-11-02', '21:31:19'),
(427, NULL, '127.0.0.1', 'regis_emp', 'index', '2017-11-02', '21:31:23'),
(428, NULL, '127.0.0.1', 'regis_emp', 'index', '2017-11-02', '21:32:56'),
(429, NULL, '127.0.0.1', 'regis_emp', 'index', '2017-11-02', '21:34:32'),
(430, NULL, '127.0.0.1', 'regis_emp', 'index', '2017-11-02', '21:36:40'),
(431, NULL, '127.0.0.1', 'regis_emp', 'index', '2017-11-02', '21:37:14'),
(432, NULL, '127.0.0.1', 'regis_emp', 'guardar_emp', '2017-11-02', '21:38:30'),
(433, NULL, '127.0.0.1', 'regis_emp', 'guardar_emp', '2017-11-02', '21:38:36'),
(434, NULL, '127.0.0.1', 'regis_emp', 'guardar_emp', '2017-11-02', '21:38:44'),
(435, NULL, '127.0.0.1', 'regis_emp', 'index', '2017-11-02', '21:38:54'),
(436, NULL, '127.0.0.1', 'regis_emp', 'guardar_emp', '2017-11-02', '21:39:05'),
(437, NULL, '127.0.0.1', 'regis_emp', 'index', '2017-11-02', '21:39:39'),
(438, NULL, '127.0.0.1', 'regis_emp', 'guardar_emp', '2017-11-02', '21:39:55'),
(439, NULL, '127.0.0.1', 'regis_emp', 'traer_parroquia', '2017-11-02', '21:40:11'),
(440, NULL, '127.0.0.1', 'regis_emp', 'guardar_emp', '2017-11-02', '21:40:26'),
(441, 1, '127.0.0.1', 'regis_emp', 'index', '2017-11-02', '21:45:55'),
(442, 1, '127.0.0.1', 'regis_emp', 'guardar_emp', '2017-11-02', '21:46:29'),
(443, 1, '127.0.0.1', 'regis_emp', 'traer_parroquia', '2017-11-02', '21:46:46'),
(444, 1, '127.0.0.1', 'regis_emp', 'guardar_emp', '2017-11-02', '21:47:09'),
(445, 1, '127.0.0.1', 'regis_emp', 'index', '2017-11-02', '21:48:08'),
(446, 1, '127.0.0.1', 'regis_emp', 'traer_parroquia', '2017-11-02', '21:48:53'),
(447, 1, '127.0.0.1', 'regis_emp', 'guardar_emp', '2017-11-02', '21:49:10'),
(448, 1, '127.0.0.1', 'regis_emp', 'guardar_emp', '2017-11-02', '21:49:28'),
(449, 1, '127.0.0.1', 'regis_emp', 'traer_parroquia', '2017-11-02', '21:49:41'),
(450, 1, '127.0.0.1', 'regis_emp', 'guardar_emp', '2017-11-02', '21:49:44'),
(451, 1, '127.0.0.1', 'regis_emp', 'traer_parroquia', '2017-11-02', '21:50:37'),
(452, 1, '127.0.0.1', 'regis_emp', 'traer_parroquia', '2017-11-02', '21:50:40'),
(453, 1, '127.0.0.1', 'regis_emp', 'traer_parroquia', '2017-11-02', '21:50:43'),
(454, 1, '127.0.0.1', 'regis_emp', 'index', '2017-11-02', '21:52:08'),
(455, 1, '127.0.0.1', 'regis_emp', 'index', '2017-11-02', '21:52:50'),
(456, NULL, '127.0.0.1', 'principal', 'index', '2017-11-02', '23:29:48'),
(457, NULL, '127.0.0.1', 'regis_emp', 'index', '2017-11-02', '23:30:28'),
(458, NULL, '127.0.0.1', 'principal', 'index', '2017-11-02', '23:39:39'),
(459, NULL, '127.0.0.1', 'regis_per', 'index', '2017-11-02', '23:39:40'),
(460, NULL, '127.0.0.1', 'regis_per', 'index', '2017-11-02', '23:43:06'),
(461, NULL, '127.0.0.1', 'regis_per', 'guardar_per', '2017-11-02', '23:44:27'),
(462, NULL, '127.0.0.1', 'regis_per', 'guardar_per', '2017-11-02', '23:44:30'),
(463, NULL, '127.0.0.1', 'regis_per', 'guardar_per', '2017-11-02', '23:44:46'),
(464, NULL, '127.0.0.1', 'principal', 'index', '2017-11-02', '23:44:48'),
(465, NULL, '127.0.0.1', 'regis_emp', 'index', '2017-11-02', '23:44:49'),
(466, NULL, '127.0.0.1', 'principal', 'index', '2017-11-02', '23:44:53'),
(467, NULL, '127.0.0.1', 'regis_per', 'index', '2017-11-02', '23:44:54'),
(468, NULL, '127.0.0.1', 'principal', 'index', '2017-11-02', '23:45:07'),
(469, NULL, '127.0.0.1', 'regis_per', 'guardar_per', '2017-11-02', '23:46:14'),
(470, NULL, '127.0.0.1', 'regis_per', 'index', '2017-11-02', '23:51:58'),
(471, NULL, '127.0.0.1', 'regis_per', 'index', '2017-11-02', '23:52:31'),
(472, NULL, '127.0.0.1', 'principal', 'index', '2017-11-02', '23:56:39'),
(473, NULL, '127.0.0.1', 'regis_per', 'index', '2017-11-02', '23:57:00'),
(474, NULL, '127.0.0.1', 'regis_per', 'index', '2017-11-02', '23:57:18'),
(475, NULL, '127.0.0.1', 'regis_per', 'buscar', '2017-11-02', '23:57:29'),
(476, NULL, '127.0.0.1', 'regis_per', 'buscar', '2017-11-02', '23:57:29'),
(477, NULL, '127.0.0.1', 'regis_per', 'buscar', '2017-11-02', '23:57:31'),
(478, NULL, '127.0.0.1', 'regis_per', 'buscar', '2017-11-02', '23:57:31'),
(479, NULL, '127.0.0.1', 'regis_per', 'buscar', '2017-11-02', '23:57:32'),
(480, NULL, '127.0.0.1', 'regis_per', 'buscar', '2017-11-02', '23:57:32'),
(481, NULL, '127.0.0.1', 'regis_per', 'buscar', '2017-11-02', '23:57:32'),
(482, NULL, '127.0.0.1', 'regis_per', 'buscar', '2017-11-02', '23:57:32'),
(483, NULL, '127.0.0.1', 'regis_per', 'buscar', '2017-11-02', '23:57:40'),
(484, NULL, '127.0.0.1', 'regis_per', 'buscar', '2017-11-02', '23:57:43'),
(485, NULL, '127.0.0.1', 'regis_per', 'buscar', '2017-11-02', '23:57:43'),
(486, NULL, '127.0.0.1', 'regis_per', 'buscar', '2017-11-02', '23:57:44'),
(487, NULL, '127.0.0.1', 'regis_per', 'buscar', '2017-11-02', '23:57:44'),
(488, NULL, '127.0.0.1', 'regis_per', 'buscar', '2017-11-02', '23:57:45'),
(489, NULL, '127.0.0.1', 'regis_per', 'guardar_per', '2017-11-02', '23:58:36'),
(490, NULL, '127.0.0.1', 'regis_per', 'index', '2017-11-02', '23:58:40'),
(491, NULL, '127.0.0.1', 'regis_per', 'buscar', '2017-11-02', '23:58:44'),
(492, NULL, '127.0.0.1', 'regis_per', 'buscar', '2017-11-02', '23:58:44'),
(493, NULL, '127.0.0.1', 'regis_per', 'buscar', '2017-11-02', '23:58:44'),
(494, NULL, '127.0.0.1', 'regis_per', 'buscar', '2017-11-02', '23:58:44'),
(495, NULL, '127.0.0.1', 'regis_per', 'buscar', '2017-11-02', '23:58:44'),
(496, NULL, '127.0.0.1', 'regis_per', 'buscar', '2017-11-02', '23:58:45'),
(497, NULL, '127.0.0.1', 'regis_per', 'buscar', '2017-11-02', '23:58:45'),
(498, NULL, '127.0.0.1', 'regis_per', 'buscar', '2017-11-02', '23:58:45'),
(499, NULL, '127.0.0.1', 'regis_per', 'buscar', '2017-11-02', '23:58:48'),
(500, NULL, '127.0.0.1', 'regis_per', 'buscar', '2017-11-02', '23:59:10'),
(501, NULL, '127.0.0.1', 'regis_per', 'buscar', '2017-11-02', '23:59:11'),
(502, NULL, '127.0.0.1', 'regis_per', 'buscar', '2017-11-02', '23:59:11'),
(503, NULL, '127.0.0.1', 'regis_per', 'buscar', '2017-11-02', '23:59:11'),
(504, NULL, '127.0.0.1', 'regis_per', 'buscar', '2017-11-02', '23:59:11'),
(505, NULL, '127.0.0.1', 'regis_per', 'buscar', '2017-11-02', '23:59:11'),
(506, NULL, '127.0.0.1', 'regis_per', 'buscar', '2017-11-02', '23:59:12'),
(507, NULL, '127.0.0.1', 'regis_per', 'index', '2017-11-02', '23:59:45'),
(508, NULL, '127.0.0.1', 'regis_per', 'buscar', '2017-11-02', '23:59:49'),
(509, NULL, '127.0.0.1', 'regis_per', 'buscar', '2017-11-02', '23:59:49'),
(510, NULL, '127.0.0.1', 'regis_per', 'buscar', '2017-11-02', '23:59:51'),
(511, NULL, '127.0.0.1', 'regis_per', 'buscar', '2017-11-02', '23:59:51'),
(512, NULL, '127.0.0.1', 'regis_per', 'buscar', '2017-11-02', '23:59:51'),
(513, NULL, '127.0.0.1', 'regis_per', 'buscar', '2017-11-02', '23:59:51'),
(514, NULL, '127.0.0.1', 'regis_per', 'buscar', '2017-11-02', '23:59:52'),
(515, NULL, '127.0.0.1', 'regis_per', 'buscar', '2017-11-02', '23:59:52'),
(516, NULL, '127.0.0.1', 'regis_per', 'buscar', '2017-11-02', '23:59:57'),
(517, NULL, '127.0.0.1', 'regis_per', 'buscar', '2017-11-02', '23:59:59'),
(518, NULL, '127.0.0.1', 'regis_per', 'buscar', '2017-11-02', '23:59:59'),
(519, NULL, '127.0.0.1', 'regis_per', 'buscar', '2017-11-03', '00:00:53'),
(520, NULL, '127.0.0.1', 'regis_per', 'buscar', '2017-11-03', '00:00:53'),
(521, NULL, '127.0.0.1', 'regis_per', 'buscar', '2017-11-03', '00:00:53'),
(522, NULL, '127.0.0.1', 'regis_per', 'buscar', '2017-11-03', '00:00:54'),
(523, NULL, '127.0.0.1', 'regis_per', 'buscar', '2017-11-03', '00:00:54'),
(524, NULL, '127.0.0.1', 'regis_per', 'buscar', '2017-11-03', '00:00:55'),
(525, NULL, '127.0.0.1', 'regis_per', 'buscar', '2017-11-03', '00:00:55'),
(526, NULL, '127.0.0.1', 'regis_per', 'buscar', '2017-11-03', '00:00:55'),
(527, NULL, '127.0.0.1', 'regis_per', 'buscar', '2017-11-03', '00:00:55'),
(528, NULL, '127.0.0.1', 'regis_per', 'buscar', '2017-11-03', '00:00:55'),
(529, NULL, '127.0.0.1', 'regis_per', 'buscar', '2017-11-03', '00:00:56'),
(530, NULL, '127.0.0.1', 'regis_per', 'buscar', '2017-11-03', '00:00:57'),
(531, NULL, '127.0.0.1', 'regis_per', 'index', '2017-11-03', '00:00:59'),
(532, NULL, '127.0.0.1', 'regis_per', 'buscar', '2017-11-03', '00:01:04'),
(533, NULL, '127.0.0.1', 'regis_per', 'buscar', '2017-11-03', '00:01:04'),
(534, NULL, '127.0.0.1', 'regis_per', 'buscar', '2017-11-03', '00:01:05'),
(535, NULL, '127.0.0.1', 'regis_per', 'buscar', '2017-11-03', '00:01:05'),
(536, NULL, '127.0.0.1', 'regis_per', 'buscar', '2017-11-03', '00:01:05'),
(537, NULL, '127.0.0.1', 'regis_per', 'buscar', '2017-11-03', '00:01:05'),
(538, NULL, '127.0.0.1', 'regis_per', 'buscar', '2017-11-03', '00:01:06'),
(539, NULL, '127.0.0.1', 'regis_per', 'buscar', '2017-11-03', '00:01:06'),
(540, NULL, '127.0.0.1', 'regis_per', 'buscar', '2017-11-03', '00:01:06'),
(541, NULL, '127.0.0.1', 'regis_per', 'buscar', '2017-11-03', '00:01:06'),
(542, NULL, '127.0.0.1', 'regis_per', 'index', '2017-11-03', '00:03:25'),
(543, NULL, '127.0.0.1', 'regis_per', 'buscar', '2017-11-03', '00:03:29'),
(544, NULL, '127.0.0.1', 'regis_per', 'buscar', '2017-11-03', '00:03:29'),
(545, NULL, '127.0.0.1', 'regis_per', 'buscar', '2017-11-03', '00:03:29'),
(546, NULL, '127.0.0.1', 'regis_per', 'buscar', '2017-11-03', '00:03:30'),
(547, NULL, '127.0.0.1', 'regis_per', 'buscar', '2017-11-03', '00:03:30'),
(548, NULL, '127.0.0.1', 'regis_per', 'buscar', '2017-11-03', '00:03:31'),
(549, NULL, '127.0.0.1', 'regis_per', 'buscar', '2017-11-03', '00:03:31'),
(550, NULL, '127.0.0.1', 'regis_per', 'buscar', '2017-11-03', '00:03:32'),
(551, NULL, '127.0.0.1', 'regis_per', 'buscar', '2017-11-03', '00:03:33'),
(552, NULL, '127.0.0.1', 'regis_per', 'buscar', '2017-11-03', '00:03:35'),
(553, NULL, '127.0.0.1', 'regis_per', 'buscar', '2017-11-03', '00:03:35'),
(554, NULL, '127.0.0.1', 'regis_per', 'buscar', '2017-11-03', '00:03:35'),
(555, NULL, '127.0.0.1', 'regis_per', 'buscar', '2017-11-03', '00:03:35'),
(556, NULL, '127.0.0.1', 'regis_per', 'buscar', '2017-11-03', '00:03:35'),
(557, NULL, '127.0.0.1', 'regis_per', 'buscar', '2017-11-03', '00:03:35'),
(558, NULL, '127.0.0.1', 'regis_per', 'buscar', '2017-11-03', '00:03:35'),
(559, NULL, '127.0.0.1', 'regis_per', 'buscar', '2017-11-03', '00:03:35'),
(560, NULL, '127.0.0.1', 'regis_per', 'buscar', '2017-11-03', '00:03:36'),
(561, NULL, '127.0.0.1', 'regis_per', 'buscar', '2017-11-03', '00:03:40'),
(562, NULL, '127.0.0.1', 'regis_per', 'buscar', '2017-11-03', '00:03:40'),
(563, NULL, '127.0.0.1', 'regis_per', 'buscar', '2017-11-03', '00:03:40'),
(564, NULL, '127.0.0.1', 'regis_per', 'buscar', '2017-11-03', '00:03:40'),
(565, NULL, '127.0.0.1', 'regis_per', 'buscar', '2017-11-03', '00:03:40'),
(566, NULL, '127.0.0.1', 'regis_per', 'buscar', '2017-11-03', '00:03:41'),
(567, NULL, '127.0.0.1', 'regis_per', 'buscar', '2017-11-03', '00:04:06'),
(568, NULL, '127.0.0.1', 'regis_per', 'buscar', '2017-11-03', '00:04:10'),
(569, NULL, '127.0.0.1', 'regis_per', 'index', '2017-11-03', '00:04:13'),
(570, NULL, '127.0.0.1', 'regis_per', 'buscar', '2017-11-03', '00:04:19'),
(571, NULL, '127.0.0.1', 'regis_per', 'buscar', '2017-11-03', '00:04:20'),
(572, NULL, '127.0.0.1', 'regis_per', 'index', '2017-11-03', '00:05:17'),
(573, NULL, '127.0.0.1', 'regis_per', 'buscar', '2017-11-03', '00:05:22'),
(574, NULL, '127.0.0.1', 'regis_per', 'buscar', '2017-11-03', '00:05:22'),
(575, NULL, '127.0.0.1', 'regis_per', 'buscar', '2017-11-03', '00:05:22'),
(576, NULL, '127.0.0.1', 'regis_per', 'buscar', '2017-11-03', '00:05:23'),
(577, NULL, '127.0.0.1', 'regis_per', 'index', '2017-11-03', '00:05:51'),
(578, NULL, '127.0.0.1', 'regis_per', 'buscar', '2017-11-03', '00:05:54'),
(579, NULL, '127.0.0.1', 'regis_per', 'buscar', '2017-11-03', '00:05:55'),
(580, NULL, '127.0.0.1', 'regis_per', 'buscar', '2017-11-03', '00:05:55'),
(581, NULL, '127.0.0.1', 'regis_per', 'buscar', '2017-11-03', '00:05:55'),
(582, NULL, '127.0.0.1', 'regis_per', 'buscar', '2017-11-03', '00:05:55'),
(583, NULL, '127.0.0.1', 'regis_per', 'index', '2017-11-03', '00:06:27'),
(584, NULL, '127.0.0.1', 'regis_per', 'index', '2017-11-03', '00:07:06'),
(585, NULL, '127.0.0.1', 'regis_per', 'buscar', '2017-11-03', '00:07:09'),
(586, NULL, '127.0.0.1', 'regis_per', 'buscar', '2017-11-03', '00:07:12'),
(587, NULL, '127.0.0.1', 'regis_per', 'buscar', '2017-11-03', '00:07:21'),
(588, NULL, '127.0.0.1', 'regis_per', 'buscar', '2017-11-03', '00:07:21'),
(589, NULL, '127.0.0.1', 'regis_per', 'buscar', '2017-11-03', '00:07:22'),
(590, NULL, '127.0.0.1', 'regis_per', 'buscar', '2017-11-03', '00:07:22'),
(591, NULL, '127.0.0.1', 'regis_per', 'buscar', '2017-11-03', '00:07:23'),
(592, NULL, '127.0.0.1', 'regis_per', 'buscar', '2017-11-03', '00:07:23'),
(593, NULL, '127.0.0.1', 'regis_per', 'buscar', '2017-11-03', '00:07:23'),
(594, NULL, '127.0.0.1', 'regis_per', 'buscar', '2017-11-03', '00:07:23'),
(595, NULL, '127.0.0.1', 'regis_per', 'buscar', '2017-11-03', '00:07:24'),
(596, NULL, '127.0.0.1', 'regis_per', 'buscar', '2017-11-03', '00:07:24'),
(597, NULL, '127.0.0.1', 'regis_per', 'index', '2017-11-03', '00:07:48'),
(598, NULL, '127.0.0.1', 'regis_per', 'buscar', '2017-11-03', '00:07:52'),
(599, NULL, '127.0.0.1', 'regis_per', 'buscar', '2017-11-03', '00:07:52'),
(600, NULL, '127.0.0.1', 'regis_per', 'buscar', '2017-11-03', '00:07:53'),
(601, NULL, '127.0.0.1', 'regis_per', 'buscar', '2017-11-03', '00:07:53'),
(602, NULL, '127.0.0.1', 'regis_per', 'buscar', '2017-11-03', '00:07:53'),
(603, NULL, '127.0.0.1', 'regis_per', 'buscar', '2017-11-03', '00:07:53'),
(604, NULL, '127.0.0.1', 'regis_per', 'buscar', '2017-11-03', '00:07:54'),
(605, NULL, '127.0.0.1', 'regis_per', 'buscar', '2017-11-03', '00:07:54'),
(606, NULL, '127.0.0.1', 'regis_per', 'buscar', '2017-11-03', '00:07:54'),
(607, NULL, '127.0.0.1', 'regis_per', 'buscar', '2017-11-03', '00:07:54'),
(608, NULL, '127.0.0.1', 'regis_per', 'index', '2017-11-03', '00:08:16'),
(609, NULL, '127.0.0.1', 'regis_per', 'buscar', '2017-11-03', '00:08:20'),
(610, NULL, '127.0.0.1', 'regis_per', 'buscar', '2017-11-03', '00:08:20'),
(611, NULL, '127.0.0.1', 'regis_per', 'buscar', '2017-11-03', '00:08:20'),
(612, NULL, '127.0.0.1', 'regis_per', 'buscar', '2017-11-03', '00:08:20'),
(613, NULL, '127.0.0.1', 'regis_per', 'buscar', '2017-11-03', '00:08:21'),
(614, NULL, '127.0.0.1', 'regis_per', 'buscar', '2017-11-03', '00:08:21'),
(615, NULL, '127.0.0.1', 'regis_per', 'buscar', '2017-11-03', '00:08:21'),
(616, NULL, '127.0.0.1', 'regis_per', 'buscar', '2017-11-03', '00:08:21'),
(617, NULL, '127.0.0.1', 'regis_per', 'buscar', '2017-11-03', '00:08:23'),
(618, NULL, '127.0.0.1', 'regis_per', 'buscar', '2017-11-03', '00:08:24'),
(619, NULL, '127.0.0.1', 'regis_per', 'index', '2017-11-03', '00:09:19'),
(620, NULL, '127.0.0.1', 'regis_per', 'buscar', '2017-11-03', '00:09:23'),
(621, NULL, '127.0.0.1', 'regis_per', 'buscar', '2017-11-03', '00:09:23'),
(622, NULL, '127.0.0.1', 'regis_per', 'buscar', '2017-11-03', '00:09:24'),
(623, NULL, '127.0.0.1', 'regis_per', 'buscar', '2017-11-03', '00:09:24'),
(624, NULL, '127.0.0.1', 'regis_per', 'buscar', '2017-11-03', '00:09:24'),
(625, NULL, '127.0.0.1', 'regis_per', 'buscar', '2017-11-03', '00:09:24'),
(626, NULL, '127.0.0.1', 'regis_per', 'buscar', '2017-11-03', '00:09:24'),
(627, NULL, '127.0.0.1', 'regis_per', 'buscar', '2017-11-03', '00:09:25'),
(628, NULL, '127.0.0.1', 'regis_per', 'buscar', '2017-11-03', '00:09:25'),
(629, NULL, '127.0.0.1', 'regis_per', 'buscar', '2017-11-03', '00:09:25'),
(630, NULL, '127.0.0.1', 'regis_per', 'index', '2017-11-03', '00:18:01'),
(631, NULL, '127.0.0.1', 'regis_per', 'buscar', '2017-11-03', '00:18:04'),
(632, NULL, '127.0.0.1', 'regis_per', 'buscar', '2017-11-03', '00:18:04'),
(633, NULL, '127.0.0.1', 'regis_per', 'buscar', '2017-11-03', '00:18:23'),
(634, NULL, '127.0.0.1', 'regis_per', 'buscar', '2017-11-03', '00:18:26'),
(635, NULL, '127.0.0.1', 'regis_per', 'buscar', '2017-11-03', '00:18:29'),
(636, NULL, '127.0.0.1', 'regis_per', 'buscar', '2017-11-03', '00:18:34'),
(637, NULL, '127.0.0.1', 'regis_per', 'index', '2017-11-03', '00:19:08'),
(638, NULL, '127.0.0.1', 'regis_per', 'buscar', '2017-11-03', '00:19:12'),
(639, NULL, '127.0.0.1', 'regis_per', 'buscar', '2017-11-03', '00:19:12'),
(640, NULL, '127.0.0.1', 'regis_per', 'buscar', '2017-11-03', '00:19:13'),
(641, NULL, '127.0.0.1', 'regis_per', 'buscar', '2017-11-03', '00:19:13'),
(642, NULL, '127.0.0.1', 'regis_per', 'buscar', '2017-11-03', '00:19:13'),
(643, NULL, '127.0.0.1', 'regis_per', 'buscar', '2017-11-03', '00:19:14'),
(644, NULL, '127.0.0.1', 'regis_per', 'buscar', '2017-11-03', '00:19:14'),
(645, NULL, '127.0.0.1', 'regis_per', 'buscar', '2017-11-03', '00:19:14'),
(646, NULL, '127.0.0.1', 'regis_per', 'buscar', '2017-11-03', '00:19:14'),
(647, NULL, '127.0.0.1', 'regis_per', 'buscar', '2017-11-03', '00:19:14'),
(648, NULL, '127.0.0.1', 'regis_per', 'buscar', '2017-11-03', '00:19:41'),
(649, NULL, '127.0.0.1', 'regis_per', 'buscar', '2017-11-03', '00:19:42'),
(650, NULL, '127.0.0.1', 'regis_per', 'buscar', '2017-11-03', '00:19:42'),
(651, NULL, '127.0.0.1', 'regis_per', 'buscar', '2017-11-03', '00:19:43'),
(652, NULL, '127.0.0.1', 'regis_per', 'buscar', '2017-11-03', '00:19:49'),
(653, NULL, '127.0.0.1', 'regis_per', 'buscar', '2017-11-03', '00:19:55'),
(654, NULL, '127.0.0.1', 'regis_per', 'buscar', '2017-11-03', '00:19:58'),
(655, NULL, '127.0.0.1', 'regis_per', 'buscar', '2017-11-03', '00:20:03'),
(656, NULL, '127.0.0.1', 'regis_per', 'index', '2017-11-03', '00:21:37'),
(657, NULL, '127.0.0.1', 'regis_per', 'buscar', '2017-11-03', '00:21:41'),
(658, NULL, '127.0.0.1', 'regis_per', 'buscar', '2017-11-03', '00:21:41'),
(659, NULL, '127.0.0.1', 'regis_per', 'buscar', '2017-11-03', '00:21:41'),
(660, NULL, '127.0.0.1', 'regis_per', 'buscar', '2017-11-03', '00:21:41'),
(661, NULL, '127.0.0.1', 'regis_per', 'buscar', '2017-11-03', '00:21:41'),
(662, NULL, '127.0.0.1', 'regis_per', 'buscar', '2017-11-03', '00:21:42'),
(663, NULL, '127.0.0.1', 'regis_per', 'buscar', '2017-11-03', '00:21:42'),
(664, NULL, '127.0.0.1', 'regis_per', 'buscar', '2017-11-03', '00:21:42'),
(665, NULL, '127.0.0.1', 'regis_per', 'buscar', '2017-11-03', '00:21:44'),
(666, NULL, '127.0.0.1', 'regis_per', 'buscar', '2017-11-03', '00:21:44'),
(667, NULL, '127.0.0.1', 'regis_per', 'buscar', '2017-11-03', '00:21:45'),
(668, NULL, '127.0.0.1', 'regis_per', 'index', '2017-11-03', '00:28:04'),
(669, NULL, '127.0.0.1', 'regis_per', 'buscar', '2017-11-03', '00:28:08'),
(670, NULL, '127.0.0.1', 'regis_per', 'buscar', '2017-11-03', '00:28:08'),
(671, NULL, '127.0.0.1', 'regis_per', 'buscar', '2017-11-03', '00:28:09'),
(672, NULL, '127.0.0.1', 'regis_per', 'buscar', '2017-11-03', '00:28:09'),
(673, NULL, '127.0.0.1', 'regis_per', 'buscar', '2017-11-03', '00:28:09'),
(674, NULL, '127.0.0.1', 'regis_per', 'buscar', '2017-11-03', '00:28:10'),
(675, NULL, '127.0.0.1', 'regis_per', 'buscar', '2017-11-03', '00:28:11'),
(676, NULL, '127.0.0.1', 'regis_per', 'buscar', '2017-11-03', '00:28:11'),
(677, NULL, '127.0.0.1', 'regis_per', 'buscar', '2017-11-03', '00:28:11'),
(678, NULL, '127.0.0.1', 'regis_per', 'buscar', '2017-11-03', '00:28:12'),
(679, NULL, '127.0.0.1', 'regis_per', 'buscar', '2017-11-03', '00:28:12'),
(680, NULL, '127.0.0.1', 'regis_per', 'buscar', '2017-11-03', '00:28:12'),
(681, NULL, '127.0.0.1', 'regis_per', 'buscar', '2017-11-03', '00:28:12'),
(682, NULL, '127.0.0.1', 'regis_per', 'index', '2017-11-03', '00:32:23'),
(683, NULL, '127.0.0.1', 'regis_per', 'index', '2017-11-03', '00:33:15'),
(684, NULL, '127.0.0.1', 'regis_per', 'index', '2017-11-03', '00:33:53'),
(685, NULL, '127.0.0.1', 'regis_per', 'index', '2017-11-03', '00:34:51'),
(686, NULL, '127.0.0.1', 'regis_per', 'index', '2017-11-03', '00:35:45'),
(687, NULL, '127.0.0.1', 'regis_per', 'buscar', '2017-11-03', '00:35:49');
INSERT INTO `log` (`id`, `id_usuario`, `ip`, `controlador`, `metodo`, `fecha`, `hora`) VALUES
(688, NULL, '127.0.0.1', 'regis_per', 'buscar', '2017-11-03', '00:35:50'),
(689, NULL, '127.0.0.1', 'regis_per', 'buscar', '2017-11-03', '00:35:50'),
(690, NULL, '127.0.0.1', 'regis_per', 'buscar', '2017-11-03', '00:35:50'),
(691, NULL, '127.0.0.1', 'regis_per', 'buscar', '2017-11-03', '00:35:50'),
(692, NULL, '127.0.0.1', 'regis_per', 'buscar', '2017-11-03', '00:35:51'),
(693, NULL, '127.0.0.1', 'regis_per', 'buscar', '2017-11-03', '00:35:51'),
(694, NULL, '127.0.0.1', 'regis_per', 'buscar', '2017-11-03', '00:35:51'),
(695, NULL, '127.0.0.1', 'regis_per', 'buscar', '2017-11-03', '00:35:51'),
(696, NULL, '127.0.0.1', 'regis_per', 'buscar', '2017-11-03', '00:36:01'),
(697, NULL, '127.0.0.1', 'regis_per', 'buscar', '2017-11-03', '00:37:39'),
(698, NULL, '127.0.0.1', 'regis_per', 'buscar', '2017-11-03', '00:37:41'),
(699, NULL, '127.0.0.1', 'regis_per', 'index', '2017-11-03', '00:37:42'),
(700, NULL, '127.0.0.1', 'regis_per', 'index', '2017-11-03', '00:37:43'),
(701, NULL, '127.0.0.1', 'regis_per', 'index', '2017-11-03', '00:38:03'),
(702, NULL, '127.0.0.1', 'regis_per', 'buscar', '2017-11-03', '00:38:08'),
(703, NULL, '127.0.0.1', 'regis_per', 'buscar', '2017-11-03', '00:38:08'),
(704, NULL, '127.0.0.1', 'regis_per', 'buscar', '2017-11-03', '00:38:09'),
(705, NULL, '127.0.0.1', 'regis_per', 'buscar', '2017-11-03', '00:38:09'),
(706, NULL, '127.0.0.1', 'regis_per', 'buscar', '2017-11-03', '00:38:09'),
(707, NULL, '127.0.0.1', 'regis_per', 'buscar', '2017-11-03', '00:38:09'),
(708, NULL, '127.0.0.1', 'regis_per', 'buscar', '2017-11-03', '00:38:09'),
(709, NULL, '127.0.0.1', 'regis_per', 'buscar', '2017-11-03', '00:38:10'),
(710, NULL, '127.0.0.1', 'regis_per', 'buscar', '2017-11-03', '00:38:10'),
(711, NULL, '127.0.0.1', 'regis_per', 'buscar', '2017-11-03', '00:38:55'),
(712, NULL, '127.0.0.1', 'regis_per', 'index', '2017-11-03', '00:38:57'),
(713, NULL, '127.0.0.1', 'regis_per', 'buscar', '2017-11-03', '00:39:01'),
(714, NULL, '127.0.0.1', 'regis_per', 'buscar', '2017-11-03', '00:39:02'),
(715, NULL, '127.0.0.1', 'regis_per', 'buscar', '2017-11-03', '00:39:02'),
(716, NULL, '127.0.0.1', 'regis_per', 'buscar', '2017-11-03', '00:39:02'),
(717, NULL, '127.0.0.1', 'regis_per', 'buscar', '2017-11-03', '00:39:02'),
(718, NULL, '127.0.0.1', 'regis_per', 'buscar', '2017-11-03', '00:39:02'),
(719, NULL, '127.0.0.1', 'regis_per', 'buscar', '2017-11-03', '00:39:04'),
(720, NULL, '127.0.0.1', 'regis_per', 'buscar', '2017-11-03', '00:39:05'),
(721, NULL, '127.0.0.1', 'regis_per', 'buscar', '2017-11-03', '00:39:05'),
(722, NULL, '127.0.0.1', 'regis_per', 'buscar', '2017-11-03', '00:39:05'),
(723, NULL, '127.0.0.1', 'regis_per', 'buscar', '2017-11-03', '00:39:06'),
(724, NULL, '127.0.0.1', 'regis_per', 'buscar', '2017-11-03', '00:39:06'),
(725, NULL, '127.0.0.1', 'regis_per', 'buscar', '2017-11-03', '00:39:06'),
(726, NULL, '127.0.0.1', 'regis_per', 'buscar', '2017-11-03', '00:39:06'),
(727, NULL, '127.0.0.1', 'regis_per', 'buscar', '2017-11-03', '00:39:06'),
(728, NULL, '127.0.0.1', 'regis_per', 'buscar', '2017-11-03', '00:39:07'),
(729, NULL, '127.0.0.1', 'regis_per', 'index', '2017-11-03', '00:40:37'),
(730, NULL, '127.0.0.1', 'regis_per', 'buscar', '2017-11-03', '00:40:41'),
(731, NULL, '127.0.0.1', 'regis_per', 'buscar', '2017-11-03', '00:40:41'),
(732, NULL, '127.0.0.1', 'regis_per', 'buscar', '2017-11-03', '00:40:41'),
(733, NULL, '127.0.0.1', 'regis_per', 'buscar', '2017-11-03', '00:40:41'),
(734, NULL, '127.0.0.1', 'regis_per', 'buscar', '2017-11-03', '00:40:42'),
(735, NULL, '127.0.0.1', 'regis_per', 'buscar', '2017-11-03', '00:40:42'),
(736, NULL, '127.0.0.1', 'regis_per', 'buscar', '2017-11-03', '00:40:42'),
(737, NULL, '127.0.0.1', 'regis_per', 'buscar', '2017-11-03', '00:40:42'),
(738, NULL, '127.0.0.1', 'regis_per', 'buscar', '2017-11-03', '00:40:44'),
(739, NULL, '127.0.0.1', 'regis_per', 'buscar', '2017-11-03', '00:40:45'),
(740, NULL, '127.0.0.1', 'principal', 'index', '2017-11-03', '00:56:56'),
(741, NULL, '127.0.0.1', 'regis_emp', 'index', '2017-11-03', '00:57:01'),
(742, NULL, '127.0.0.1', 'principal', 'index', '2017-11-03', '00:57:07'),
(743, NULL, '127.0.0.1', 'error', 'access', '2017-11-03', '00:59:07'),
(744, NULL, '127.0.0.1', 'error', 'access', '2017-11-03', '00:59:08'),
(745, NULL, '127.0.0.1', 'principal', 'index', '2017-11-03', '00:59:12'),
(746, NULL, '127.0.0.1', 'login', 'index', '2017-11-03', '00:59:22'),
(747, NULL, '127.0.0.1', 'login', 'index', '2017-11-03', '00:59:30'),
(748, 1, '127.0.0.1', 'app', 'index', '2017-11-03', '00:59:31'),
(749, 1, '127.0.0.1', 'app', 'permisos_ch', '2017-11-03', '00:59:36'),
(750, 1, '127.0.0.1', 'app', 'permisos_ch', '2017-11-03', '00:59:37'),
(751, 1, '127.0.0.1', 'app', 'permisos_ch', '2017-11-03', '00:59:38'),
(752, 1, '127.0.0.1', 'app', 'permisos_ch', '2017-11-03', '00:59:38'),
(753, 1, '127.0.0.1', 'principal', 'index', '2017-11-03', '00:59:46'),
(754, 1, '127.0.0.1', 'principal', 'index', '2017-11-03', '01:00:34'),
(755, 1, '127.0.0.1', 'regis_emp', 'index', '2017-11-03', '01:00:36'),
(756, 1, '127.0.0.1', 'regis_per', 'index', '2017-11-03', '01:00:39'),
(757, 1, '127.0.0.1', 'principal', 'index', '2017-11-03', '01:00:41'),
(758, 1, '127.0.0.1', 'regis_emp', 'index', '2017-11-03', '01:00:45'),
(759, 1, '127.0.0.1', 'regis_emp', 'index', '2017-11-03', '01:01:55'),
(760, 1, '127.0.0.1', 'regis_per', 'index', '2017-11-03', '01:04:12'),
(761, 1, '127.0.0.1', 'regis_per', 'buscar', '2017-11-03', '01:04:17'),
(762, 1, '127.0.0.1', 'regis_per', 'buscar', '2017-11-03', '01:04:17'),
(763, 1, '127.0.0.1', 'regis_per', 'buscar', '2017-11-03', '01:04:17'),
(764, 1, '127.0.0.1', 'regis_per', 'guardar_per', '2017-11-03', '01:04:27'),
(765, 1, '127.0.0.1', 'principal', 'index', '2017-11-03', '01:04:27'),
(766, 1, '127.0.0.1', 'regis_per', 'index', '2017-11-03', '01:04:30'),
(767, 1, '127.0.0.1', 'regis_emp', 'index', '2017-11-03', '01:05:27'),
(768, 1, '127.0.0.1', 'regis_per', 'index', '2017-11-03', '01:05:31'),
(769, 1, '127.0.0.1', 'regis_per', 'index', '2017-11-03', '01:06:32'),
(770, 1, '127.0.0.1', 'regis_per', 'index', '2017-11-03', '01:07:07'),
(771, 1, '127.0.0.1', 'regis_per', 'index', '2017-11-03', '01:08:28'),
(772, 1, '127.0.0.1', 'principal', 'index', '2017-11-03', '01:08:34'),
(773, 1, '127.0.0.1', 'regis_emp', 'index', '2017-11-03', '01:08:36'),
(774, 1, '127.0.0.1', 'principal', 'index', '2017-11-03', '01:08:39'),
(775, NULL, '::1', 'principal', 'index', '2018-08-24', '11:07:33'),
(776, NULL, '::1', 'login', 'index', '2018-08-24', '11:07:38'),
(777, NULL, '::1', 'login', 'index', '2018-08-24', '11:07:42'),
(778, 1, '::1', 'app', 'index', '2018-08-24', '11:07:42'),
(779, 1, '::1', 'app', 'index', '2018-08-24', '11:07:52'),
(780, 1, '::1', 'login', 'cerrar', '2018-08-24', '11:07:55'),
(781, NULL, '::1', 'principal', 'index', '2018-08-24', '11:07:55'),
(782, NULL, '::1', 'principal', 'index', '2018-08-24', '11:12:16'),
(783, NULL, '::1', 'principal', 'index', '2018-08-24', '11:12:18'),
(784, NULL, '::1', 'principal', 'index', '2018-08-24', '11:12:23'),
(785, NULL, '::1', 'principal', 'index', '2018-08-24', '11:13:02'),
(786, NULL, '::1', 'principal', 'index', '2018-08-24', '11:13:15'),
(787, NULL, '::1', 'principal', 'index', '2018-08-24', '11:13:52'),
(788, NULL, '::1', 'login', 'index', '2018-08-24', '11:14:35'),
(789, NULL, '::1', 'principal', 'index', '2018-08-24', '11:14:37'),
(790, NULL, '::1', 'principal', 'index', '2018-08-24', '11:15:23'),
(791, NULL, '::1', 'principal', 'index', '2018-08-24', '11:16:06'),
(792, NULL, '::1', 'principal', 'index', '2018-08-24', '11:16:17'),
(793, NULL, '::1', 'principal', 'index', '2018-08-24', '11:19:03'),
(794, NULL, '::1', 'login', 'index', '2018-08-24', '11:19:06'),
(795, NULL, '::1', 'login', 'index', '2018-08-24', '11:19:08'),
(796, 1, '::1', 'app', 'index', '2018-08-24', '11:19:08'),
(797, 1, '::1', 'recuperar', 'cambiar', '2018-08-24', '11:19:12'),
(798, 1, '::1', 'recuperar', 'js', '2018-08-24', '11:19:12'),
(799, 1, '::1', 'recuperar', 'img', '2018-08-24', '11:19:12'),
(800, NULL, '::1', 'principal', 'index', '2018-08-24', '11:20:19'),
(801, NULL, '::1', 'login', 'index', '2018-08-24', '11:20:26'),
(802, NULL, '::1', 'login', 'index', '2018-08-24', '11:22:09'),
(803, NULL, '::1', 'login', 'index', '2018-08-24', '11:22:25'),
(804, NULL, '::1', 'login', 'index', '2018-08-24', '11:22:41'),
(805, NULL, '::1', 'login', 'index', '2018-08-24', '11:23:03'),
(806, NULL, '::1', 'principal', 'index', '2018-08-24', '11:23:44'),
(807, NULL, '::1', 'login', 'index', '2018-08-24', '11:24:27'),
(808, NULL, '::1', 'error', 'access', '2018-08-24', '11:30:26'),
(809, NULL, '::1', 'error', 'access', '2018-08-24', '11:30:26'),
(810, NULL, '::1', 'error', 'access', '2018-08-24', '11:30:26'),
(811, NULL, '::1', 'error', 'access', '2018-08-24', '11:30:26'),
(812, NULL, '::1', 'login', 'index', '2018-08-24', '11:30:33'),
(813, NULL, '::1', 'login', 'index', '2018-08-24', '11:30:38'),
(814, 1, '::1', 'app', 'index', '2018-08-24', '11:30:38'),
(815, 1, '::1', 'app', 'index', '2018-08-24', '11:32:14'),
(816, 1, '::1', 'app', 'index', '2018-08-24', '11:35:42'),
(817, 1, '::1', 'app', 'index', '2018-08-24', '11:37:19'),
(818, 1, '::1', 'app', 'index', '2018-08-24', '11:37:51'),
(819, NULL, '::1', 'error', 'access', '2018-08-24', '11:37:57'),
(820, NULL, '::1', 'error', 'access', '2018-08-24', '11:37:57'),
(821, NULL, '::1', 'login', 'index', '2018-08-24', '11:38:04'),
(822, NULL, '::1', 'login', 'index', '2018-08-24', '11:38:09'),
(823, 1, '::1', 'app', 'index', '2018-08-24', '11:38:09'),
(824, 1, '::1', 'app', 'index', '2018-08-24', '11:40:18'),
(825, 1, '::1', 'app', 'index', '2018-08-24', '11:40:55'),
(826, 1, '::1', 'app', 'index', '2018-08-24', '11:41:13'),
(827, 1, '::1', 'app', 'index', '2018-08-24', '11:41:25'),
(828, 1, '::1', 'app', 'index', '2018-08-24', '11:41:48'),
(829, 1, '::1', 'app', 'index', '2018-08-24', '11:43:56'),
(830, NULL, '::1', 'error', 'access', '2018-08-24', '11:44:27'),
(831, NULL, '::1', 'error', 'access', '2018-08-24', '11:44:27'),
(832, 1, '::1', 'app', 'index', '2018-08-24', '11:45:14'),
(833, 1, '::1', 'app', 'index', '2018-08-24', '11:45:18'),
(834, NULL, '::1', 'login', 'index', '2018-08-24', '11:45:29'),
(835, NULL, '::1', 'login', 'index', '2018-08-24', '11:45:34'),
(836, 1, '::1', 'app', 'index', '2018-08-24', '11:45:34'),
(837, 1, '::1', 'app', 'index', '2018-08-24', '11:46:44'),
(838, NULL, '::1', 'error', 'access', '2018-08-24', '11:46:52'),
(839, NULL, '::1', 'error', 'access', '2018-08-24', '11:46:52'),
(840, NULL, '::1', 'login', 'index', '2018-08-24', '11:46:57'),
(841, NULL, '::1', 'login', 'index', '2018-08-24', '11:47:06'),
(842, 1, '::1', 'app', 'index', '2018-08-24', '11:47:06'),
(843, 1, '::1', 'app', 'index', '2018-08-24', '11:47:15'),
(844, 1, '::1', 'app', 'index', '2018-08-24', '11:47:49'),
(845, NULL, '::1', 'error', 'access', '2018-08-24', '11:47:58'),
(846, NULL, '::1', 'error', 'access', '2018-08-24', '11:47:58'),
(847, NULL, '::1', 'login', 'index', '2018-08-24', '11:48:01'),
(848, NULL, '::1', 'login', 'index', '2018-08-24', '11:48:05'),
(849, 1, '::1', 'app', 'index', '2018-08-24', '11:48:05'),
(850, 1, '::1', 'app', 'index', '2018-08-24', '11:48:54'),
(851, 1, '::1', 'app', 'index', '2018-08-24', '11:48:59'),
(852, 1, '::1', 'app', 'index', '2018-08-24', '11:49:28'),
(853, 1, '::1', 'principal', 'index', '2018-08-24', '11:49:35'),
(854, 1, '::1', 'principal', 'index', '2018-08-24', '11:49:59'),
(855, 1, '::1', 'app', 'index', '2018-08-24', '11:50:03'),
(856, 1, '::1', 'app', 'index', '2018-08-24', '11:50:37'),
(857, 1, '::1', 'app', 'index', '2018-08-24', '11:51:09'),
(858, NULL, '::1', 'error', 'access', '2018-08-24', '11:54:27'),
(859, NULL, '::1', 'error', 'access', '2018-08-24', '11:54:27'),
(860, 1, '::1', 'app', 'index', '2018-08-24', '11:54:41'),
(861, 1, '::1', 'app', 'index', '2018-08-24', '11:54:44'),
(862, 1, '::1', 'app', 'index', '2018-08-24', '11:55:04'),
(863, 1, '::1', 'principal', 'index', '2018-08-24', '11:56:40'),
(864, 1, '::1', 'app', 'index', '2018-08-24', '11:56:49'),
(865, 1, '::1', 'app', 'index', '2018-08-24', '11:57:15'),
(866, 1, '::1', 'app', 'index', '2018-08-24', '12:00:21'),
(867, 1, '::1', 'app', 'index', '2018-08-24', '12:01:25'),
(868, 1, '::1', 'app', 'index', '2018-08-24', '12:01:44'),
(869, 1, '::1', 'app', 'index', '2018-08-24', '12:02:07'),
(870, 1, '::1', 'app', 'index', '2018-08-24', '12:02:26'),
(871, 1, '::1', 'app', 'index', '2018-08-24', '12:03:59'),
(872, 1, '::1', 'app', 'index', '2018-08-24', '12:07:12'),
(873, 1, '::1', 'app', 'index', '2018-08-24', '12:10:08'),
(874, 1, '::1', 'app', 'index', '2018-08-24', '12:10:59'),
(875, 1, '::1', 'app', 'index', '2018-08-24', '12:13:58'),
(876, 1, '::1', 'app', 'index', '2018-08-24', '12:14:13'),
(877, 1, '::1', 'app', 'index', '2018-08-24', '12:14:54'),
(878, 1, '::1', 'app', 'index', '2018-08-24', '12:15:25'),
(879, 1, '::1', 'login', 'cerrar', '2018-08-24', '12:16:10'),
(880, NULL, '::1', 'principal', 'index', '2018-08-24', '12:16:10'),
(881, NULL, '::1', 'login', 'index', '2018-08-24', '12:16:15'),
(882, NULL, '::1', 'login', 'index', '2018-08-24', '12:16:18'),
(883, 1, '::1', 'app', 'index', '2018-08-24', '12:16:18'),
(884, NULL, '192.168.1.17', 'principal', 'index', '2018-08-24', '12:18:41'),
(885, 1, '::1', 'principal', 'index', '2018-08-24', '12:18:43'),
(886, 1, '::1', 'principal', 'index', '2018-08-24', '12:19:19'),
(887, NULL, '192.168.1.17', 'principal', 'index', '2018-08-24', '12:19:27'),
(888, 1, '::1', 'principal', 'index', '2018-08-24', '12:19:33'),
(889, 1, '::1', 'login', 'cerrar', '2018-08-24', '12:19:40'),
(890, NULL, '::1', 'principal', 'index', '2018-08-24', '12:19:40'),
(891, NULL, '::1', 'principal', 'index', '2018-08-24', '12:19:45'),
(892, NULL, '::1', 'principal', 'index', '2018-08-24', '12:20:15'),
(893, NULL, '::1', 'principal', 'index', '2018-08-24', '12:20:32'),
(894, NULL, '::1', 'login', 'index', '2018-08-24', '12:20:43'),
(895, NULL, '::1', 'login', 'index', '2018-08-24', '12:20:46'),
(896, 1, '::1', 'app', 'index', '2018-08-24', '12:20:46'),
(897, 1, '::1', 'app', 'index', '2018-08-24', '12:22:09'),
(898, 1, '::1', 'login', 'cerrar', '2018-08-24', '12:22:38'),
(899, NULL, '::1', 'principal', 'index', '2018-08-24', '12:22:38'),
(900, NULL, '::1', 'login', 'index', '2018-08-24', '12:22:44'),
(901, NULL, '::1', 'login', 'index', '2018-08-24', '12:22:48'),
(902, 1, '::1', 'app', 'index', '2018-08-24', '12:22:48'),
(903, NULL, '::1', 'login', 'index', '2018-08-24', '12:29:27'),
(904, 1, '::1', 'app', 'index', '2018-08-24', '12:30:47'),
(905, 1, '::1', 'principal', 'index', '2018-08-24', '12:32:47'),
(906, NULL, '::1', 'error', 'access', '2018-08-24', '12:34:27'),
(907, NULL, '::1', 'error', 'access', '2018-08-24', '12:34:28'),
(908, 1, '::1', 'app', 'index', '2018-08-24', '12:47:41'),
(909, 1, '::1', 'app', 'buscar_nosotros', '2018-08-24', '12:47:45'),
(910, NULL, '::1', 'error', 'access', '2018-08-24', '12:47:55'),
(911, NULL, '::1', 'error', 'access', '2018-08-24', '12:47:55'),
(912, NULL, '::1', 'error', 'access', '2018-08-24', '12:48:01'),
(913, NULL, '::1', 'error', 'access', '2018-08-24', '12:48:01'),
(914, NULL, '::1', 'login', 'index', '2018-08-24', '12:48:04'),
(915, NULL, '::1', 'login', 'index', '2018-08-24', '12:48:14'),
(916, 1, '::1', 'app', 'index', '2018-08-24', '12:48:14'),
(917, 1, '::1', 'app', 'buscar_nosotros', '2018-08-24', '12:48:17'),
(918, 1, '::1', 'app', 'buscar_nosotros', '2018-08-24', '12:48:25'),
(919, 1, '::1', 'app', 'buscar_nosotros', '2018-08-24', '12:48:32'),
(920, 1, '::1', 'app', 'buscar_nosotros', '2018-08-24', '12:49:16'),
(921, 1, '::1', 'app', 'buscar_nosotros', '2018-08-24', '12:49:18'),
(922, 1, '::1', 'app', 'index', '2018-08-24', '12:49:33'),
(923, NULL, '::1', 'login', 'index', '2018-08-24', '12:49:44'),
(924, NULL, '::1', 'login', 'index', '2018-08-24', '12:49:49'),
(925, 1, '::1', 'app', 'index', '2018-08-24', '12:49:49'),
(926, 1, '::1', 'app', 'buscar_nosotros', '2018-08-24', '12:49:51'),
(927, 1, '::1', 'app', 'buscar_nosotros', '2018-08-24', '12:49:52'),
(928, 1, '::1', 'app', 'buscar_nosotros', '2018-08-24', '12:49:52'),
(929, 1, '::1', 'app', 'buscar_nosotros', '2018-08-24', '12:49:52'),
(930, 1, '::1', 'app', 'buscar_nosotros', '2018-08-24', '12:49:53'),
(931, 1, '::1', 'app', 'buscar_nosotros', '2018-08-24', '12:49:53'),
(932, 1, '::1', 'app', 'buscar_nosotros', '2018-08-24', '12:49:53'),
(933, 1, '::1', 'app', 'buscar_nosotros', '2018-08-24', '12:49:53'),
(934, 1, '::1', 'app', 'buscar_nosotros', '2018-08-24', '12:49:53'),
(935, 1, '::1', 'app', 'buscar_nosotros', '2018-08-24', '12:49:53'),
(936, 1, '::1', 'app', 'buscar_nosotros', '2018-08-24', '12:49:54'),
(937, 1, '::1', 'app', 'buscar_nosotros', '2018-08-24', '12:49:54'),
(938, 1, '::1', 'app', 'buscar_nosotros', '2018-08-24', '12:50:02'),
(939, 1, '::1', 'app', 'buscar_nosotros', '2018-08-24', '12:50:02'),
(940, 1, '::1', 'principal', 'index', '2018-08-24', '12:51:19'),
(941, NULL, '::1', 'principal', 'index', '2018-08-24', '12:54:28'),
(942, NULL, '::1', 'principal', 'index', '2018-08-24', '17:15:51'),
(943, NULL, '::1', 'login', 'index', '2018-08-24', '17:20:00'),
(944, NULL, '::1', 'login', 'index', '2018-08-24', '17:20:04'),
(945, 1, '::1', 'app', 'index', '2018-08-24', '17:20:04'),
(946, 1, '::1', 'app', 'buscar_nosotros', '2018-08-24', '17:20:07'),
(947, 1, '::1', 'app', 'buscar_nosotros', '2018-08-24', '17:20:15'),
(948, 1, '::1', 'app', 'buscar_nosotros', '2018-08-24', '17:20:15'),
(949, 1, '::1', 'app', 'buscar_nosotros', '2018-08-24', '17:20:15'),
(950, 1, '::1', 'app', 'buscar_nosotros', '2018-08-24', '17:20:21'),
(951, 1, '::1', 'app', 'buscar_nosotros', '2018-08-24', '17:20:28'),
(952, 1, '::1', 'app', 'buscar_nosotros', '2018-08-24', '17:20:28'),
(953, 1, '::1', 'app', 'buscar_nosotros', '2018-08-24', '17:20:28'),
(954, 1, '::1', 'app', 'buscar_nosotros', '2018-08-24', '17:20:29'),
(955, 1, '::1', 'app', 'buscar_nosotros', '2018-08-24', '17:20:29'),
(956, NULL, '::1', 'login', 'index', '2018-08-24', '17:21:00'),
(957, NULL, '::1', 'login', 'index', '2018-08-24', '17:21:05'),
(958, 1, '::1', 'app', 'index', '2018-08-24', '17:21:05'),
(959, NULL, '::1', 'login', 'index', '2018-08-24', '17:25:45'),
(960, NULL, '::1', 'error', 'access', '2018-08-24', '17:45:49'),
(961, NULL, '::1', 'error', 'access', '2018-08-24', '17:45:49'),
(962, NULL, '::1', 'error', 'access', '2018-08-24', '17:45:51'),
(963, NULL, '::1', 'error', 'access', '2018-08-24', '17:45:51'),
(964, NULL, '::1', 'login', 'index', '2018-08-24', '17:45:55'),
(965, NULL, '::1', 'login', 'index', '2018-08-24', '17:46:00'),
(966, 1, '::1', 'app', 'index', '2018-08-24', '17:46:00'),
(967, 1, '::1', 'app', 'buscar_nosotros', '2018-08-24', '17:46:05'),
(968, 1, '::1', 'app', 'buscar_nosotros', '2018-08-24', '17:46:15'),
(969, 1, '::1', 'app', 'buscar_nosotros', '2018-08-24', '17:46:15'),
(970, 1, '::1', 'app', 'buscar_nosotros', '2018-08-24', '17:46:15'),
(971, 1, '::1', 'app', 'buscar_nosotros', '2018-08-24', '17:46:16'),
(972, 1, '::1', 'app', 'buscar_nosotros', '2018-08-24', '17:46:16'),
(973, 1, '::1', 'app', 'buscar_nosotros', '2018-08-24', '17:46:16'),
(974, 1, '::1', 'app', 'buscar_nosotros', '2018-08-24', '17:46:16'),
(975, 1, '::1', 'app', 'buscar_nosotros', '2018-08-24', '17:46:18'),
(976, 1, '::1', 'app', 'buscar_nosotros', '2018-08-24', '17:46:18'),
(977, 1, '::1', 'app', 'buscar_nosotros', '2018-08-24', '17:46:19'),
(978, 1, '::1', 'app', 'buscar_nosotros', '2018-08-24', '17:46:20'),
(979, 1, '::1', 'app', 'buscar_nosotros', '2018-08-24', '17:46:20'),
(980, 1, '::1', 'app', 'index', '2018-08-24', '17:46:45'),
(981, 1, '::1', 'app', 'buscar_nosotros', '2018-08-24', '17:46:47'),
(982, 1, '::1', 'app', 'buscar_nosotros', '2018-08-24', '17:46:48'),
(983, 1, '::1', 'app', 'buscar_nosotros', '2018-08-24', '17:46:48'),
(984, 1, '::1', 'app', 'buscar_nosotros', '2018-08-24', '17:46:48'),
(985, 1, '::1', 'app', 'buscar_nosotros', '2018-08-24', '17:46:48'),
(986, 1, '::1', 'app', 'buscar_nosotros', '2018-08-24', '17:47:00'),
(987, 1, '::1', 'app', 'index', '2018-08-24', '17:49:28'),
(988, 1, '::1', 'app', 'index', '2018-08-24', '17:49:56'),
(989, 1, '::1', 'app', 'buscar_nosotros', '2018-08-24', '17:49:58'),
(990, NULL, '::1', 'error', 'access', '2018-08-24', '17:50:45'),
(991, NULL, '::1', 'error', 'access', '2018-08-24', '17:50:45'),
(992, NULL, '::1', 'error', 'access', '2018-08-24', '17:51:24'),
(993, NULL, '::1', 'error', 'access', '2018-08-24', '17:51:24'),
(994, NULL, '::1', 'login', 'index', '2018-08-24', '17:51:27'),
(995, NULL, '::1', 'login', 'index', '2018-08-24', '17:51:31'),
(996, 1, '::1', 'app', 'index', '2018-08-24', '17:51:31'),
(997, 1, '::1', 'app', 'buscar_nosotros', '2018-08-24', '17:51:34'),
(998, 1, '::1', 'app', 'index', '2018-08-24', '17:52:29'),
(999, 1, '::1', 'app', 'buscar_nosotros', '2018-08-24', '17:52:33'),
(1000, 1, '::1', 'app', 'index', '2018-08-24', '17:53:05'),
(1001, 1, '::1', 'app', 'buscar_nosotros', '2018-08-24', '17:53:10'),
(1002, 1, '::1', 'app', 'index', '2018-08-24', '17:53:29'),
(1003, 1, '::1', 'app', 'buscar_nosotros', '2018-08-24', '17:53:32'),
(1004, 1, '::1', 'app', 'buscar_nosotros', '2018-08-24', '17:55:13'),
(1005, 1, '::1', 'app', 'index', '2018-08-24', '17:55:53'),
(1006, 1, '::1', 'app', 'buscar_nosotros', '2018-08-24', '17:55:55'),
(1007, 1, '::1', 'app', 'index', '2018-08-24', '17:56:14'),
(1008, 1, '::1', 'app', 'buscar_nosotros', '2018-08-24', '17:56:17'),
(1009, 1, '::1', 'app', 'buscar_nosotros', '2018-08-24', '17:56:20'),
(1010, 1, '::1', 'app', 'index', '2018-08-24', '17:56:31'),
(1011, 1, '::1', 'app', 'buscar_nosotros', '2018-08-24', '17:56:36'),
(1012, 1, '::1', 'app', 'buscar_nosotros', '2018-08-24', '17:56:40'),
(1013, 1, '::1', 'app', 'index', '2018-08-24', '18:00:48'),
(1014, 1, '::1', 'app', 'buscar_nosotros', '2018-08-24', '18:00:50'),
(1015, NULL, '::1', 'error', 'access', '2018-08-24', '18:02:25'),
(1016, NULL, '::1', 'error', 'access', '2018-08-24', '18:02:25'),
(1017, NULL, '::1', 'login', 'index', '2018-08-24', '18:02:30'),
(1018, NULL, '::1', 'login', 'index', '2018-08-24', '18:02:34'),
(1019, 1, '::1', 'app', 'index', '2018-08-24', '18:02:34'),
(1020, 1, '::1', 'app', 'buscar_nosotros', '2018-08-24', '18:02:37'),
(1021, 1, '::1', 'principal', 'index', '2018-08-24', '18:02:56'),
(1022, 1, '::1', 'principal', 'index', '2018-08-24', '18:03:29'),
(1023, 1, '::1', 'app', 'index', '2018-08-24', '18:03:33'),
(1024, 1, '::1', 'app', 'buscar_nosotros', '2018-08-24', '18:03:35'),
(1025, 1, '::1', 'app', 'index', '2018-08-24', '18:05:17'),
(1026, 1, '::1', 'app', 'buscar_nosotros', '2018-08-24', '18:05:18'),
(1027, 1, '::1', 'app', 'index', '2018-08-24', '18:05:43'),
(1028, 1, '::1', 'app', 'buscar_nosotros', '2018-08-24', '18:05:46'),
(1029, 1, '::1', 'app', 'index', '2018-08-24', '18:06:07'),
(1030, 1, '::1', 'app', 'buscar_nosotros', '2018-08-24', '18:06:09'),
(1031, 1, '::1', 'app', 'index', '2018-08-24', '18:06:36'),
(1032, 1, '::1', 'app', 'buscar_nosotros', '2018-08-24', '18:06:38'),
(1033, 1, '::1', 'app', 'index', '2018-08-24', '18:07:29'),
(1034, 1, '::1', 'app', 'buscar_nosotros', '2018-08-24', '18:07:32'),
(1035, 1, '::1', 'app', 'index', '2018-08-24', '18:08:49'),
(1036, 1, '::1', 'app', 'buscar_nosotros', '2018-08-24', '18:08:52'),
(1037, 1, '::1', 'principal', 'index', '2018-08-24', '18:09:54'),
(1038, 1, '::1', 'app', 'buscar_nosotros', '2018-08-24', '18:10:06'),
(1039, NULL, '::1', 'principal', 'index', '2018-08-27', '14:55:17'),
(1040, NULL, '::1', 'principal', 'index', '2018-08-27', '14:55:34'),
(1041, NULL, '::1', 'login', 'index', '2018-08-27', '14:57:36'),
(1042, NULL, '::1', 'login', 'index', '2018-08-27', '14:57:41'),
(1043, NULL, '::1', 'login', 'index', '2018-08-27', '14:57:45'),
(1044, 1, '::1', 'app', 'index', '2018-08-27', '14:57:45'),
(1045, NULL, '::1', 'login', 'index', '2018-08-27', '14:57:57'),
(1046, NULL, '::1', 'login', 'index', '2018-08-27', '14:58:01'),
(1047, 1, '::1', 'app', 'index', '2018-08-27', '14:58:01'),
(1048, 1, '::1', 'app', 'index', '2018-08-27', '14:58:34'),
(1049, 1, '::1', 'app', 'index', '2018-08-27', '14:58:49'),
(1050, 1, '::1', 'app', 'index', '2018-08-27', '14:59:00'),
(1051, 1, '::1', 'principal', 'index', '2018-08-27', '14:59:19'),
(1052, 1, '::1', 'principal', 'index', '2018-08-27', '14:59:56'),
(1053, 1, '::1', 'app', 'index', '2018-08-27', '14:59:58'),
(1054, 1, '::1', 'principal', 'index', '2018-08-27', '15:00:25'),
(1055, 1, '::1', 'principal', 'index', '2018-08-27', '15:00:59'),
(1056, 1, '::1', 'app', 'index', '2018-08-27', '15:01:02'),
(1057, 1, '::1', 'recuperar', 'cambiar', '2018-08-27', '15:01:39'),
(1058, 1, '::1', 'recuperar', 'js', '2018-08-27', '15:01:39'),
(1059, 1, '::1', 'recuperar', 'img', '2018-08-27', '15:01:39'),
(1060, 1, '::1', 'recuperar', 'img', '2018-08-27', '15:01:39'),
(1061, 1, '::1', 'recuperar', 'cambiar', '2018-08-27', '15:01:41'),
(1062, 1, '::1', 'recuperar', 'js', '2018-08-27', '15:01:41'),
(1063, NULL, '::1', 'recuperar', 'cambiar', '2018-08-27', '15:01:47'),
(1064, NULL, '::1', 'recuperar', 'js', '2018-08-27', '15:01:47'),
(1065, NULL, '::1', 'recuperar', 'cambiar', '2018-08-27', '15:02:04'),
(1066, NULL, '::1', 'recuperar', 'js', '2018-08-27', '15:02:05'),
(1067, NULL, '::1', 'principal', 'index', '2018-08-27', '15:02:23'),
(1068, NULL, '::1', 'login', 'index', '2018-08-27', '15:02:46'),
(1069, NULL, '::1', 'login', 'index', '2018-08-27', '15:02:51'),
(1070, 1, '::1', 'app', 'index', '2018-08-27', '15:02:51'),
(1071, 1, '::1', 'recuperar', 'cambiar', '2018-08-27', '15:02:58'),
(1072, 1, '::1', 'recuperar', 'js', '2018-08-27', '15:02:58'),
(1073, 1, '::1', 'login', 'cerrar', '2018-08-27', '15:03:15'),
(1074, NULL, '::1', 'principal', 'index', '2018-08-27', '15:03:15'),
(1075, NULL, '::1', 'login', 'index', '2018-08-27', '15:03:24'),
(1076, NULL, '::1', 'login', 'index', '2018-08-27', '15:04:01'),
(1077, NULL, '::1', 'login', 'index', '2018-08-27', '15:04:42'),
(1078, NULL, '::1', 'login', 'index', '2018-08-27', '15:05:18'),
(1079, NULL, '::1', 'login', 'index', '2018-08-27', '15:05:32'),
(1080, NULL, '::1', 'login', 'index', '2018-08-27', '15:05:41'),
(1081, 1, '::1', 'app', 'index', '2018-08-27', '15:05:42'),
(1082, 1, '::1', 'login', 'index', '2018-08-27', '15:06:03'),
(1083, 1, '::1', 'principal', 'index', '2018-08-27', '15:06:04'),
(1084, 1, '::1', 'login', 'cerrar', '2018-08-27', '15:06:06'),
(1085, NULL, '::1', 'principal', 'index', '2018-08-27', '15:06:06'),
(1086, NULL, '::1', 'login', 'index', '2018-08-27', '15:06:09'),
(1087, NULL, '::1', 'login', 'index', '2018-08-27', '15:06:22'),
(1088, 1, '::1', 'app', 'index', '2018-08-27', '15:06:22'),
(1089, 1, '::1', 'app', 'buscar_nosotros', '2018-08-27', '15:06:25'),
(1090, 1, '::1', 'app', 'buscar_nosotros', '2018-08-27', '15:06:45'),
(1091, 1, '::1', 'app', 'buscar_nosotros', '2018-08-27', '15:08:50'),
(1092, NULL, '::1', 'login', 'index', '2018-08-27', '15:10:30'),
(1093, 1, '::1', 'app', 'index', '2018-08-27', '15:13:34'),
(1094, 1, '::1', 'app', 'buscar_nosotros', '2018-08-27', '15:13:38'),
(1095, NULL, '::1', 'login', 'index', '2018-08-27', '15:18:20'),
(1096, NULL, '::1', 'login', 'index', '2018-08-27', '15:18:24'),
(1097, 1, '::1', 'app', 'index', '2018-08-27', '15:18:24'),
(1098, 1, '::1', 'app', 'buscar_nosotros', '2018-08-27', '15:18:28'),
(1099, 1, '::1', 'app', 'index', '2018-08-27', '15:20:00'),
(1100, 1, '::1', 'app', 'buscar_nosotros', '2018-08-27', '15:20:03'),
(1101, 1, '::1', 'app', 'buscar_nosotros', '2018-08-27', '15:20:34'),
(1102, 1, '::1', 'app', 'index', '2018-08-27', '15:27:51'),
(1103, 1, '::1', 'app', 'buscar_nosotros', '2018-08-27', '15:27:59'),
(1104, 1, '::1', 'app', 'guardar_nosotros', '2018-08-27', '15:28:13'),
(1105, 1, '::1', 'app', 'guardar_nosotros', '2018-08-27', '15:28:31'),
(1106, NULL, '::1', 'error', 'access', '2018-08-27', '15:29:26'),
(1107, NULL, '::1', 'error', 'access', '2018-08-27', '15:29:27'),
(1108, NULL, '::1', 'error', 'access', '2018-08-27', '15:29:27'),
(1109, NULL, '::1', 'error', 'access', '2018-08-27', '15:29:27'),
(1110, NULL, '::1', 'login', 'index', '2018-08-27', '15:29:31'),
(1111, NULL, '::1', 'login', 'index', '2018-08-27', '15:29:36'),
(1112, 1, '::1', 'app', 'index', '2018-08-27', '15:29:36'),
(1113, 1, '::1', 'app', 'buscar_nosotros', '2018-08-27', '15:29:43'),
(1114, 1, '::1', 'app', 'guardar_nosotros', '2018-08-27', '15:29:47'),
(1115, 1, '::1', 'app', 'index', '2018-08-27', '15:30:22'),
(1116, 1, '::1', 'app', 'buscar_nosotros', '2018-08-27', '15:30:24'),
(1117, 1, '::1', 'app', 'guardar_nosotros', '2018-08-27', '15:30:28'),
(1118, 1, '::1', 'app', 'guardar_nosotros', '2018-08-27', '15:31:06'),
(1119, 1, '::1', 'principal', 'index', '2018-08-27', '15:31:17'),
(1120, 1, '::1', 'principal', 'index', '2018-08-27', '15:32:13'),
(1121, 1, '::1', 'app', 'index', '2018-08-27', '15:32:17'),
(1122, 1, '::1', 'app', 'buscar_nosotros', '2018-08-27', '15:32:20'),
(1123, 1, '::1', 'app', 'index', '2018-08-27', '15:47:23'),
(1124, 1, '::1', 'app', 'index', '2018-08-27', '15:48:23'),
(1125, 1, '::1', 'app', 'buscar_informacion', '2018-08-27', '15:48:28'),
(1126, 1, '::1', 'app', 'index', '2018-08-27', '15:49:17'),
(1127, 1, '::1', 'app', 'buscar_nosotros', '2018-08-27', '15:49:22'),
(1128, 1, '::1', 'app', 'buscar_informacion', '2018-08-27', '15:49:27'),
(1129, 1, '::1', 'app', 'buscar_informacion', '2018-08-27', '15:50:12'),
(1130, 1, '::1', 'login', 'cerrar', '2018-08-27', '15:52:08'),
(1131, NULL, '::1', 'principal', 'index', '2018-08-27', '15:52:08'),
(1132, NULL, '::1', 'login', 'index', '2018-08-27', '15:52:11'),
(1133, NULL, '::1', 'login', 'index', '2018-08-27', '15:56:09'),
(1134, NULL, '::1', 'login', 'index', '2018-08-27', '15:56:13'),
(1135, 1, '::1', 'app', 'index', '2018-08-27', '15:56:13'),
(1136, 1, '::1', 'app', 'buscar_informacion', '2018-08-27', '15:56:18'),
(1137, 1, '::1', 'app', 'buscar_informacion', '2018-08-27', '15:56:27'),
(1138, 1, '::1', 'app', 'index', '2018-08-27', '15:57:11'),
(1139, 1, '::1', 'app', 'buscar_nosotros', '2018-08-27', '15:57:13'),
(1140, 1, '::1', 'app', 'buscar_informacion', '2018-08-27', '15:57:17'),
(1141, 1, '::1', 'app', 'guardar_mision', '2018-08-27', '15:57:20'),
(1142, 1, '::1', 'app', 'buscar_informacion', '2018-08-27', '15:57:23'),
(1143, 1, '::1', 'app', 'buscar_informacion', '2018-08-27', '15:57:25'),
(1144, 1, '::1', 'app', 'guardar_vision', '2018-08-27', '15:57:31'),
(1145, 1, '::1', 'app', 'buscar_informacion', '2018-08-27', '15:57:34'),
(1146, 1, '::1', 'app', 'buscar_informacion', '2018-08-27', '15:57:37'),
(1147, 1, '::1', 'app', 'buscar_nosotros', '2018-08-27', '15:57:39'),
(1148, 1, '::1', 'app', 'guardar_nosotros', '2018-08-27', '15:57:56'),
(1149, 1, '::1', 'app', 'index', '2018-08-27', '15:58:00'),
(1150, 1, '::1', 'app', 'buscar_nosotros', '2018-08-27', '15:58:03'),
(1151, 1, '::1', 'app', 'buscar_informacion', '2018-08-27', '15:58:06'),
(1152, 1, '::1', 'app', 'buscar_informacion', '2018-08-27', '15:58:08'),
(1153, 1, '::1', 'login', 'cerrar', '2018-08-27', '15:59:50'),
(1154, NULL, '::1', 'principal', 'index', '2018-08-27', '15:59:50'),
(1155, NULL, '::1', 'login', 'index', '2018-08-27', '15:59:54'),
(1156, NULL, '::1', 'login', 'index', '2018-08-27', '15:59:59'),
(1157, 2, '::1', 'app', 'index', '2018-08-27', '15:59:59'),
(1158, 2, '::1', 'app', 'index', '2018-08-27', '16:01:59'),
(1159, 2, '::1', 'app', 'index', '2018-08-27', '16:03:45'),
(1160, NULL, '::1', 'principal', 'index', '2018-08-27', '16:03:52'),
(1161, NULL, '::1', 'login', 'index', '2018-08-27', '16:04:00'),
(1162, NULL, '::1', 'login', 'index', '2018-08-27', '16:04:06'),
(1163, 1, '::1', 'app', 'index', '2018-08-27', '16:04:06'),
(1164, 1, '::1', 'app', 'index', '2018-08-27', '16:04:40'),
(1165, NULL, '::1', 'error', 'access', '2018-08-27', '16:05:00'),
(1166, NULL, '::1', 'error', 'access', '2018-08-27', '16:05:00'),
(1167, NULL, '::1', 'login', 'index', '2018-08-27', '16:05:05'),
(1168, NULL, '::1', 'login', 'index', '2018-08-27', '16:05:30'),
(1169, NULL, '::1', 'login', 'index', '2018-08-27', '16:05:35'),
(1170, NULL, '::1', 'login', 'index', '2018-08-27', '16:05:39'),
(1171, 1, '::1', 'app', 'index', '2018-08-27', '16:05:39'),
(1172, 1, '::1', 'app', 'index', '2018-08-27', '16:06:20'),
(1173, 1, '::1', 'app', 'index', '2018-08-27', '16:06:46'),
(1174, 1, '::1', 'app', 'index', '2018-08-27', '16:07:22'),
(1175, 1, '::1', 'app', 'index', '2018-08-27', '16:08:48'),
(1176, 1, '::1', 'app', 'index', '2018-08-27', '16:09:12'),
(1177, 1, '::1', 'app', 'index', '2018-08-27', '16:10:10'),
(1178, 1, '::1', 'app', 'index', '2018-08-27', '16:10:38'),
(1179, 1, '::1', 'app', 'index', '2018-08-27', '16:11:22'),
(1180, 1, '::1', 'app', 'index', '2018-08-27', '16:11:40'),
(1181, 1, '::1', 'app', 'index', '2018-08-27', '16:12:02'),
(1182, 1, '::1', 'app', 'index', '2018-08-27', '16:12:15'),
(1183, 1, '::1', 'app', 'index', '2018-08-27', '16:13:00'),
(1184, 1, '::1', 'app', 'index', '2018-08-27', '16:13:19'),
(1185, 1, '::1', 'app', 'index', '2018-08-27', '16:14:53'),
(1186, 1, '::1', 'app', 'index', '2018-08-27', '16:15:59'),
(1187, 1, '::1', 'app', 'index', '2018-08-27', '16:16:44'),
(1188, 1, '::1', 'app', 'index', '2018-08-27', '16:19:00'),
(1189, 1, '::1', 'app', 'index', '2018-08-27', '16:19:26'),
(1190, 1, '::1', 'app', 'buscar_informacion', '2018-08-27', '16:20:36'),
(1191, 1, '::1', 'app', 'buscar_informacion', '2018-08-27', '16:20:38'),
(1192, 1, '::1', 'app', 'buscar_informacion', '2018-08-27', '16:20:40'),
(1193, 1, '::1', 'app', 'index', '2018-08-27', '16:30:18'),
(1194, 1, '::1', 'app', 'buscar_informacion', '2018-08-27', '16:30:24'),
(1195, 1, '::1', 'app', 'guardar_preview', '2018-08-27', '16:30:29'),
(1196, 1, '::1', 'app', 'buscar_informacion', '2018-08-27', '16:30:31'),
(1197, 1, '::1', 'app', 'buscar_informacion', '2018-08-27', '16:30:33'),
(1198, 1, '::1', 'app', 'index', '2018-08-27', '16:31:03'),
(1199, 1, '::1', 'app', 'buscar_nosotros', '2018-08-27', '16:31:11'),
(1200, 1, '::1', 'app', 'buscar_informacion', '2018-08-27', '16:31:14'),
(1201, 1, '::1', 'app', 'buscar_informacion', '2018-08-27', '16:31:16'),
(1202, 1, '::1', 'app', 'buscar_informacion', '2018-08-27', '16:31:18'),
(1203, 1, '::1', 'app', 'guardar_titulo', '2018-08-27', '16:31:22'),
(1204, 1, '::1', 'app', 'buscar_informacion', '2018-08-27', '16:31:24'),
(1205, 1, '::1', 'app', 'guardar_preview', '2018-08-27', '16:31:27'),
(1206, 1, '::1', 'app', 'buscar_informacion', '2018-08-27', '16:31:29'),
(1207, 1, '::1', 'app', 'guardar_vision', '2018-08-27', '16:31:32'),
(1208, 1, '::1', 'app', 'buscar_informacion', '2018-08-27', '16:31:34'),
(1209, 1, '::1', 'app', 'guardar_mision', '2018-08-27', '16:31:37'),
(1210, 1, '::1', 'app', 'buscar_nosotros', '2018-08-27', '16:31:39'),
(1211, 1, '::1', 'app', 'guardar_nosotros', '2018-08-27', '16:31:46'),
(1212, 1, '::1', 'app', 'buscar_nosotros', '2018-08-27', '16:31:50'),
(1213, 1, '::1', 'app', 'buscar_informacion', '2018-08-27', '16:31:52'),
(1214, 1, '::1', 'app', 'buscar_informacion', '2018-08-27', '16:31:54'),
(1215, 1, '::1', 'app', 'buscar_informacion', '2018-08-27', '16:31:56'),
(1216, 1, '::1', 'app', 'buscar_informacion', '2018-08-27', '16:31:57'),
(1217, 1, '::1', 'app', 'buscar_informacion', '2018-08-27', '16:32:32'),
(1218, 1, '::1', 'app', 'guardar_titulo', '2018-08-27', '16:32:47'),
(1219, 1, '::1', 'app', 'buscar_informacion', '2018-08-27', '16:32:49');

-- --------------------------------------------------------

--
-- Estructura de tabla para la tabla `menu`
--

CREATE TABLE IF NOT EXISTS `menu` (
  `id_menu` int(11) NOT NULL AUTO_INCREMENT,
  `titulo` varchar(50) NOT NULL,
  `enlace` varchar(50) NOT NULL,
  PRIMARY KEY (`id_menu`)
) ENGINE=InnoDB AUTO_INCREMENT=6 DEFAULT CHARSET=latin1;

--
-- Volcado de datos para la tabla `menu`
--

INSERT INTO `menu` (`id_menu`, `titulo`, `enlace`) VALUES
(1, 'Registro de empresa productora', 'regis_emp'),
(2, 'Registro de socios y/o encargados', 'regis_per'),
(3, 'Reportes', 'reportes'),
(4, 'Lista', 'lista'),
(5, 'Agregar Tipo de Productor', 'regis_tipo');

-- --------------------------------------------------------

--
-- Estructura de tabla para la tabla `nosotros`
--

CREATE TABLE IF NOT EXISTS `nosotros` (
  `id_nosotros` int(11) NOT NULL AUTO_INCREMENT,
  `parrafo1` varchar(500) COLLATE utf8_bin NOT NULL,
  `parrafo2` varchar(500) COLLATE utf8_bin NOT NULL,
  `parrafo3` varchar(500) COLLATE utf8_bin NOT NULL,
  `parrafo4` varchar(500) COLLATE utf8_bin NOT NULL,
  `parrafo5` varchar(500) COLLATE utf8_bin NOT NULL,
  PRIMARY KEY (`id_nosotros`)
) ENGINE=InnoDB AUTO_INCREMENT=2 DEFAULT CHARSET=utf8 COLLATE=utf8_bin;

--
-- Volcado de datos para la tabla `nosotros`
--

INSERT INTO `nosotros` (`id_nosotros`, `parrafo1`, `parrafo2`, `parrafo3`, `parrafo4`, `parrafo5`) VALUES
(1, '2', '2', '2', '2', '2');

-- --------------------------------------------------------

--
-- Estructura de tabla para la tabla `permisos`
--

CREATE TABLE IF NOT EXISTS `permisos` (
  `id_permisos` int(11) NOT NULL AUTO_INCREMENT,
  `id_menu` int(11) NOT NULL,
  `id_role` int(11) NOT NULL,
  `permiso` int(1) NOT NULL,
  PRIMARY KEY (`id_permisos`),
  KEY `id_menu` (`id_menu`,`id_role`),
  KEY `id_role` (`id_role`)
) ENGINE=InnoDB AUTO_INCREMENT=12 DEFAULT CHARSET=latin1;

--
-- Volcado de datos para la tabla `permisos`
--

INSERT INTO `permisos` (`id_permisos`, `id_menu`, `id_role`, `permiso`) VALUES
(1, 1, 1, 1),
(2, 2, 1, 0),
(3, 1, 2, 1),
(4, 2, 2, 0),
(5, 3, 1, 1),
(6, 3, 2, 1),
(7, 4, 2, 1),
(8, 4, 1, 1),
(9, 5, 1, 1),
(10, 5, 0, 1),
(11, 5, 2, 1);

-- --------------------------------------------------------

--
-- Estructura de tabla para la tabla `role`
--

CREATE TABLE IF NOT EXISTS `role` (
  `id_role` int(11) NOT NULL AUTO_INCREMENT,
  `role` varchar(50) NOT NULL,
  `peso` int(11) NOT NULL,
  PRIMARY KEY (`id_role`)
) ENGINE=InnoDB AUTO_INCREMENT=3 DEFAULT CHARSET=latin1;

--
-- Volcado de datos para la tabla `role`
--

INSERT INTO `role` (`id_role`, `role`, `peso`) VALUES
(1, 'admin_sistem', 1),
(2, 'anonimo', 1);

-- --------------------------------------------------------

--
-- Estructura de tabla para la tabla `switch`
--

CREATE TABLE IF NOT EXISTS `switch` (
  `id` int(11) NOT NULL AUTO_INCREMENT,
  `accion` int(11) NOT NULL,
  `fecha` date NOT NULL,
  PRIMARY KEY (`id`)
) ENGINE=InnoDB DEFAULT CHARSET=latin1;

-- --------------------------------------------------------

--
-- Estructura de tabla para la tabla `tipo`
--

CREATE TABLE IF NOT EXISTS `tipo` (
  `codigo_tipo` int(11) NOT NULL AUTO_INCREMENT,
  `nombre_tipo` varchar(100) NOT NULL,
  PRIMARY KEY (`codigo_tipo`)
) ENGINE=InnoDB AUTO_INCREMENT=14 DEFAULT CHARSET=utf8;

--
-- Volcado de datos para la tabla `tipo`
--

INSERT INTO `tipo` (`codigo_tipo`, `nombre_tipo`) VALUES
(1, 'Panadero'),
(2, 'Empanadero'),
(3, 'Heladeria'),
(4, 'Pasteleria'),
(5, 'prueba'),
(6, 'prueba 2'),
(7, 'prueba 2'),
(8, 'asdasd'),
(9, 'prueba'),
(10, 'prueba'),
(11, 'prueba'),
(12, 'prueba'),
(13, '');

-- --------------------------------------------------------

--
-- Estructura de tabla para la tabla `usuario`
--

CREATE TABLE IF NOT EXISTS `usuario` (
  `id_usuario` int(11) NOT NULL AUTO_INCREMENT,
  `id_role` int(11) NOT NULL DEFAULT '2',
  `login` varchar(20) COLLATE utf8_spanish_ci NOT NULL,
  `password` varchar(100) COLLATE utf8_spanish_ci NOT NULL,
  `estado` int(11) NOT NULL DEFAULT '1',
  PRIMARY KEY (`id_usuario`),
  KEY `id_role_2` (`id_role`),
  KEY `id_role_3` (`id_role`),
  KEY `id_role_4` (`id_role`),
  KEY `id_role_5` (`id_role`)
) ENGINE=InnoDB AUTO_INCREMENT=3 DEFAULT CHARSET=utf8 COLLATE=utf8_spanish_ci;

--
-- Volcado de datos para la tabla `usuario`
--

INSERT INTO `usuario` (`id_usuario`, `id_role`, `login`, `password`, `estado`) VALUES
(1, 1, 'admin', '53362d5ea52a28e1a960323ea19b02cb2b828026', 1),
(2, 1, 'Gilberto', '53362d5ea52a28e1a960323ea19b02cb2b828026', 1);
COMMIT;

/*!40101 SET CHARACTER_SET_CLIENT=@OLD_CHARACTER_SET_CLIENT */;
/*!40101 SET CHARACTER_SET_RESULTS=@OLD_CHARACTER_SET_RESULTS */;
/*!40101 SET COLLATION_CONNECTION=@OLD_COLLATION_CONNECTION */;
